MedInc,HouseAge,AveRooms,AveBedrms,Population,AveOccup,Latitude,Longitude,MidianHouseValue
-0.7275176535259933,1.1429050451861473,-0.42625651347856053,-0.07966066899291804,0.06619871972375493,-0.10571231699769895,-0.7013995096042687,0.614562160649939,2.743
-1.1737646905305819,-0.2929923224808983,-0.5479197776686099,0.025199333010077145,-0.34228789048778496,-0.16447821976853752,-1.361464372912992,1.232920012120985,1.3
-0.33025991779778285,0.9035888172416396,-0.12848270939697026,-0.028909780108422635,-0.5393721519094352,0.005267396738674212,-0.7856631091755951,0.6345091881167501,1.043
-0.6425005831683911,0.4249563613526245,-0.8272654898710565,-0.7438483139570693,-1.0800905101688345,-0.04613448131323769,1.3817839242424181,-0.9213589542942775,0.55
-1.2251346813938249,1.0631329692046447,-0.06866916565666141,0.17164600972442914,-0.6353875613199826,0.015268958450571975,-0.15368611239064492,0.2904229643143058,0.394
-0.2628599503829818,0.4249563613526245,-0.11966432313479523,-0.03978525757193051,-0.23111215327557205,-0.07221413864184255,0.9511033042111924,-1.0909086877621474,1.746
0.6376226597954534,-1.9682059180924516,0.3618202118221204,-0.21670009470705787,0.20769511253929865,-0.014741149781684396,-0.3643451113189594,-0.4077229970239705,2.017
0.587310753193039,-0.2929923224808983,0.24280265829618008,-0.13298435741301948,-0.1393079460321538,0.03189561704169877,0.7357629941955796,-1.1108557152289513,2.331
-1.0730350688996704,-0.37276439846240084,-1.3321595075170323,0.0542730578788341,-0.5730617692464693,0.11930277341760674,-0.7528939315645234,0.6594429724502586,2.25
1.1242885155637055,-0.6120806264069084,0.42566835869642566,-0.13114142983108876,0.3491915053548424,0.04834753826737599,-0.8980145752706948,0.8190191921847194,2.719
-0.05335926673885971,-0.37276439846240084,-0.13868455920550665,-0.2614247312482464,-0.5477945562436938,-0.007569617724555434,0.5344666174418551,-0.06862353008823792,0.692
0.32146708265977825,0.4249563613526245,0.0977379644710723,-0.09423819645337864,-0.3456568522214884,-0.006529038310773584,-0.8652453976596233,0.8140324353180219,1.839
-1.0476939508528182,1.3024491971491523,-0.35804795542543855,-0.06918873375572937,-0.42398521253009297,-0.07680582335662711,-0.7669378648264085,0.6295224312500455,1.182
0.5431886395164738,1.86085372901967,0.3510333720374427,-0.13039826123547543,-0.38608439302592945,-0.08072347912125943,0.7825761050685395,-1.1557365270292712,3.306
-0.5920299639268527,-1.7288896901479438,0.3905095526391403,0.18021730351205842,-0.797097724537747,0.20956932061907477,-0.5001031328505408,0.833979462784826,1.256
0.9424038311272177,-0.13344817051789326,0.13625692282301793,-0.20802905267266292,-0.3498680543886177,0.024113877756605985,0.9183341266001208,-1.2405113937632062,2.065
1.3297155748036364,-1.3300293102404313,0.7710924678822267,-0.14324328724239865,1.267233577789025,0.09126939635394134,-1.2631568400797772,1.2229464983875828,2.415
0.3420468215329003,1.86085372901967,-0.18113821348767054,-0.06013136111386558,0.25738729811142413,-0.1154346120611123,0.9885537929095624,-1.4250213978311825,5.00001
2.0711681205794883,0.5845005133156296,0.5054557343422402,-0.12658761522541528,-0.8703726422457964,-0.06462814336862227,1.0400482148698171,-1.3003524761636325,3.781
-0.30216778067277544,-0.21322024649939578,-0.7521864660045384,-0.07799762157160396,0.5521714498104736,-0.11732979459450411,0.815345282679611,-1.2454981506299105,1.827
-0.11081324210186899,-1.6491176141664414,-0.3110165774875967,0.24082571240378048,-0.11319849259595229,-0.19030416225822247,-1.356783061825697,1.2029994709207716,1.589
0.41669466613437905,-0.5323085504254059,-0.019489855806133678,-0.10272444388269673,3.510962092435504,-0.06754415647279081,1.143037058790327,-1.4898492370983063,2.763
-0.7297925346867753,-0.37276439846240084,-0.7107030076091363,0.05765676188950394,0.6902988808923138,0.11250681861563075,-0.6920368874296753,0.6045886469165369,2.0
-0.1001265910674971,1.86085372901967,-0.13980390162015047,-0.1717205556724708,-0.5915910587818382,-0.05248098274942313,0.9698285485603757,-1.4150478840977805,2.755
-0.1503326892438284,-1.1704851582774263,-0.313159202622777,-0.06400018238260778,1.5384349973521503,-0.07667273292970933,0.8013013494177228,-1.1407762564291646,3.337
-0.8510489909777673,0.8238167412601372,-0.5805035652506695,0.29962415286322625,-0.6353875613199826,-0.15589685215117996,-0.5984106656837556,-0.04867650262142678,2.813
-0.13059941777936934,-0.37276439846240084,0.7424847025483009,0.26911174449987585,-0.7305607302971043,-0.08113760101853884,1.3443334355440515,-1.4000876134976739,2.484
-0.12901229138812617,1.382221273130655,-0.42678305637328784,-0.1500105822061704,0.2961303580490135,-0.10034905699254085,0.9932351039968573,-1.4449684252979866,3.522
0.5376866013601637,-0.21322024649939578,0.5157909529852857,0.08632490242128485,-1.1213602914067013,0.25360097092050615,-0.7950257313501851,0.6095754037832344,1.75
1.6598378641822535,-1.888433842110949,0.6561796473667525,-0.055577994861250535,0.4932146194706637,-0.03758762642759612,1.0821800146554788,-1.2454981506299105,2.941
3.3005033190235458,-0.2929923224808983,0.6608289270561016,-0.18491981184094955,1.651295215431215,-0.008535157799817514,-0.8980145752706948,0.6195489175166435,5.00001
-0.5931409524007231,1.0631329692046447,-0.11162123870956726,0.06559563157522788,1.4255747792730857,-0.0018181943569593986,1.1523996809649169,-1.335259774230543,1.2
1.5228159524049107,-1.1704851582774263,0.7901643996716591,-0.10994159814244563,1.0886786059027436,0.03405026413527837,1.0728173924808888,-1.1906438250961888,2.674
1.2764939364839427,-1.010941006314421,0.49266989684568924,-0.1911338946419171,-0.5200006219406405,-0.03459990641819017,-1.291244706603554,1.2478802827210915,2.551
-0.5048438208345514,1.1429050451861473,-0.009417486642345473,0.26096191023395676,-0.9857595816251385,0.06720319023155046,-0.7669378648264085,0.729257568584087,1.729
1.7184557322321747,-1.010941006314421,0.7947583394291812,-0.10382038212213991,1.4323127027404925,0.09612091585801537,-0.9120585085325831,0.8988073020519498,3.134
0.15894534019645878,-0.13344817051789326,-0.024662197016547604,-0.0015386117224489787,1.3430352167973518,-0.05145438491941316,0.8855649489890492,-1.2006173388295909,3.324
1.256654856593401,-1.7288896901479438,0.3775067129307222,-0.035720299045440995,-0.32375860095241615,0.0515162482923809,0.7732134828939495,-1.0909086877621474,2.922
-1.0715008467214686,1.5417654250936599,0.09572173302684397,0.12507414731589006,-0.6960288725266442,0.05173831941614809,1.3490147466313465,-0.9313324680276795,0.582
-0.25587659426151116,0.8238167412601372,0.20502054976362596,-0.18491981184094955,-1.128098214874108,-0.07525935472848565,0.9604659263857858,-0.7368489502263011,2.125
-0.44104133990656863,-0.2929923224808983,-0.5228555204653073,-0.24068230816505068,-0.07529767309178878,-0.013836576838571606,-0.8324762200485516,0.8589132471183346,1.569
-1.589433092397215,-0.13344817051789326,-1.1225244504948964,0.1324942154871972,-0.18563116987057585,-0.18988741693315095,0.9932351039968573,-1.410061127231076,5.00001
0.25512519950580625,-1.4098013862219338,-0.06663654076638187,0.006942055011205613,0.06451423885690323,-0.1389097403379679,-0.954190308318248,0.7841118941178088,2.714
2.3434661051038055,0.4249563613526245,0.4156984543480798,-0.23357357224673148,-0.6892909490592375,-0.040928740666570027,0.8013013494177228,-1.30533923303033,5.00001
0.06652168001305458,-0.21322024649939578,-0.1797998294846127,-0.13288245658680375,-0.5073670154392527,-0.01042601830731631,-0.8324762200485516,0.614562160649939,2.307
-0.8208406853311021,0.9833608932231422,-0.35843223830247317,0.12214967600308951,0.7871565307362872,0.13039434971930425,-0.7201247539534519,0.6993370273838738,1.464
-0.2674626169175876,-1.3300293102404313,1.1035804142715098,1.1199316544963154,0.10325729879449258,-0.015506751571099146,1.484772768162928,-1.5696373469655367,0.908
0.13355131793656563,0.5845005133156296,0.23216818451648827,-0.12124734370427485,-0.15615275470067091,-0.01790096081070754,-0.6873555763423803,0.5148270233158975,2.156
-0.3421104615190664,0.1856401334081169,-0.09890642472184949,-0.2415471008309776,-0.07192871135808536,-0.032929116838811355,-0.38775166675544104,2.4845959856631907,0.704
-1.4788632871405951,-0.851396854351416,-0.8467444279043499,-0.18491981184094955,-0.7667770689344161,-0.1855487628113723,1.3490147466313465,-1.0659749034286388,1.375
-0.9356428276310378,-0.13344817051789326,-0.4952231018299466,0.05216816062530004,-0.48799548547045796,-0.15286567673826923,1.3583773688059397,-0.8864516562273669,0.525
-0.6768883216453303,-1.010941006314421,-0.19095561598766547,-0.1104604785140615,-0.418089529496112,-0.04078206252334939,-0.2519936452238597,-0.507458134358012,1.638
0.591437281810272,-0.37276439846240084,0.13899542770889345,-0.2131010808552077,-0.3507102948220435,-0.05564989249526131,-0.8184322867866667,0.8389662196515305,2.671
-0.5969500557397069,-0.5323085504254059,0.33370643654658855,0.08388125634685054,-0.3439723713546367,0.05159939992374643,1.5690363677342543,-0.9812000366947038,0.991
-1.1265741324976128,0.34518428537112195,-0.33371794555000994,0.06241579386929472,0.09483489446023402,0.2134352345100646,0.45020301787052863,0.1408202583132471,0.52
-0.9716176924992204,1.7810816530381675,-0.5254143881136719,-0.06413654213130326,-0.46946619593508915,-0.18235558242382954,1.3583773688059397,-0.9363192248943841,0.958
-0.289735290608036,-0.9311689303329186,-0.011994902090508604,-0.14147721496211335,0.22117095947411236,-0.06779418604589202,1.3583773688059397,-0.8665046287605558,1.094
-0.4362270565197971,-1.4098013862219338,-0.21239909162007492,-0.10033206311052281,0.841059918475542,-0.07009116102515157,1.2975203246710916,-1.5696373469655367,1.423
-0.6037746992220534,-0.21322024649939578,-0.09956468399984049,-0.1484499342930862,0.1445270800323595,-0.048093536556595456,1.4192344129407846,-0.801676789493432,1.375
0.061548683987158834,1.86085372901967,-0.6123419032459864,-0.006689198773362328,-0.5317919880086025,-0.18565639588825847,0.9979164150841523,-1.420034640964478,5.00001
-0.7931717819104265,-0.4525364744439034,-0.05314717389217219,-0.05998285254440515,-0.476204119402496,0.01143375633800517,-1.3333765063892153,2.1056024637938355,0.743
0.9419805974228862,-0.851396854351416,0.1781849166189875,-0.1219616576601599,1.329559369862538,-0.01971403111634232,-0.6545863987313087,0.49487999584909337,2.715
-0.03325566578311071,-0.9311689303329186,0.11606973452239949,-0.06906784474658767,-0.3338654861535264,-0.023379660979624104,-0.42520215545380763,-0.2930275890898295,4.0
-0.7187884583741548,1.86085372901967,-0.2300946676027462,-0.004090002332793015,-0.4231429720966671,0.17821399304387864,0.7825761050685395,-1.1507497701625737,1.625
0.4318781752772736,0.34518428537112195,0.3236104442115198,-0.07406628877081524,-0.5814841735807279,-0.029127050982149495,1.091542636830072,-1.2604584212300172,2.254
-0.07637259941188822,0.1856401334081169,-0.3322399975680522,0.011329593826817004,1.7818424826122223,0.318917998840521,0.7919387272431327,-1.115842472095656,1.786
-0.1256264217534736,0.1856401334081169,0.24892227703681483,-0.0711108408218302,-0.03823909402105114,-0.08355566567331134,-0.3268946226205929,-0.4127097538906751,1.514
0.3089816883819972,0.1856401334081169,0.06483199282055958,-0.13957064331225846,-0.5351609497423059,-0.07410650901211742,0.9323780598620092,-1.250484907496608,2.045
-1.4823020609882889,-1.010941006314421,0.8514074974462725,1.5892594512579432,-0.8408942270758915,-0.0442792753595098,-0.5328723104616123,1.4274035299223633,0.75
-1.1155700561849922,1.1429050451861473,-0.49751161452947784,-0.12033773701660781,-0.3591326991563021,0.18643023908311854,-0.7575752426518185,0.7093105411172759,1.34
1.0147767945679145,1.6215375010751625,0.2933092153223257,-0.17981882990842046,0.14705380133263707,-0.10421673906077321,-1.3521017507383988,1.242893525854394,2.816
-0.36808643012241593,0.34518428537112195,-0.6383314293073138,-0.14152065755899199,-0.07277095179151122,-0.04863227674851888,-0.6920368874296753,0.6095754037832344,1.989
0.3443746069067236,0.5845005133156296,0.06275834818166963,-0.03929965274183306,0.5993369140823215,-0.06358416714373352,0.6421367724496632,-1.2405113937632062,2.037
-0.9315692032268466,1.86085372901967,-0.4399769246502586,-0.07504853517776575,-0.40882488472842754,-0.0872374441722954,1.0166416594333356,-1.3302730173638455,1.554
-0.5813433128924809,-1.4895734622034362,-0.19763789309267948,0.1865408808614421,3.4477940599285644,-0.008781979694914602,-0.9120585085325831,1.6717546163907662,0.95
5.89429107601951,-0.13344817051789326,0.783468699080055,-0.2196947752079028,-0.0677175091909561,-0.060659207516566976,-0.7294873761280419,0.5946151331831278,5.00001
-0.854117435334171,1.0631329692046447,-0.23347774991399486,-0.10307873426182691,0.09483489446023402,0.03478752843733382,-0.7107621317788586,0.8389662196515305,1.667
0.22909632668941488,-1.8086617661294464,-0.10994258260114846,-0.32458511186757444,-0.5621126436119332,0.005755454055399203,0.29571975198976397,-0.09854407128845108,1.042
-0.9171792572795735,0.6642725892971321,-0.6385121463821936,0.019688841119349557,0.16052964826745075,0.2483995037988343,-0.7856631091755951,0.6744032430503653,1.089
1.610107903923295,0.34518428537112195,0.024799674950382596,-0.13482845186639109,-0.43240761686435153,-0.06787363746939826,-0.83715753113585,0.6045886469165369,3.376
-0.20556468765909697,-1.3300293102404313,-0.18983379603691491,-0.07513028463956889,0.7079859299942568,-0.04670087483597716,-1.408277483785952,1.2578537964545007,2.049
2.2352769894340505,0.5845005133156296,0.5816264429668211,0.04111745004424592,0.0013462063499640644,-0.1001199531676593,-0.8699267087469216,0.6045886469165369,5.00001
1.2175586431557732,-0.21322024649939578,0.3361608688712684,-0.18030680649635358,-0.08287783699262148,0.044328678438309524,-0.9307837528817664,0.843952976518228,2.661
0.10381915020727331,0.4249563613526245,0.10955314873531061,-0.13917871331443446,0.027455659786165584,-0.07757304684170269,-1.356783061825697,1.2877743376547066,2.237
-0.30375490706401886,1.3024491971491523,-0.3202370769512248,-0.11035081822933854,-0.8678459209455188,-0.13014231895246933,1.3022016357583865,-1.5496903194987326,1.783
-1.4838362831664909,0.10586805742661434,-0.8959541739865091,-0.008687370371136203,0.25149161507744316,0.07896696803008335,-0.7716191759137068,0.6494694587168496,1.425
-1.4391322231464698,-0.2929923224808983,-0.7042868276336084,-0.3493105477574554,-0.5309497475751767,0.07578172445643991,-0.79970704243748,0.6694164861836607,1.0
-0.7940182493190895,0.1856401334081169,-0.05721601909417306,-0.02960586502412822,-0.17215532293576216,-0.0722872678748731,-0.7294873761280419,1.1132378473201394,0.886
0.3775984526967512,-1.8086617661294464,2.2834597205563525,1.9378649084721904,0.4839499747029793,-0.04398187810426086,-0.38775166675544104,0.2206083681804775,1.684
1.248295990932853,0.10586805742661434,0.18907981059458118,-0.06721993582972331,0.007241889383945053,-0.028975773871097482,0.7778947939812445,-1.2305378800298041,3.808
-1.1199611058674324,1.382221273130655,-0.05846316265670725,-0.051520772039850636,-0.8602657570446861,0.03911424345685913,1.4941353903375212,-1.0360543622284255,1.104
-0.161812903473822,-0.13344817051789326,-0.49037171361133536,-0.088089927231495,-0.028132208819940878,-0.1557241215431502,-0.8839706420088065,0.7192840548506779,2.711
0.14974000712724767,1.86085372901967,-0.20886163703207744,-0.0431676306587085,-0.330496524419823,-0.11257604148941212,0.9885537929095624,-1.4250213978311825,5.0
-0.5877447226704956,-1.9682059180924516,-0.3351992143052662,0.19633190952324545,-0.19910701680538953,-0.17166685679731347,1.4145531018534896,-0.8315973306936452,1.33
0.2863915894133002,0.1856401334081169,-0.27955802409791036,0.1195385409023748,-0.6000134631160967,-0.1606046350929006,-0.7716191759137068,0.5547210782495127,3.538
0.7723167861989724,1.86085372901967,0.27016575277092236,-0.18923555908458106,-0.24795696194408917,-0.04554402620409065,-0.6920368874296753,0.6544562155835542,3.58
0.12921317246716693,1.86085372901967,0.06440253675685158,-0.16968134474756566,-0.49220668763758724,-0.08929462234181246,0.9979164150841523,-1.43000815469788,5.00001
0.12201819949353027,0.1856401334081169,-0.6426816194606828,-0.13404697540642999,-0.01802532361883061,-0.16467557560386945,-0.7716191759137068,0.5547210782495127,3.815
-0.7277821745912004,-0.691852702388411,0.29443422754522497,0.19577452396569542,-0.9613346090557888,-0.11530007349535294,1.0072790372587457,-1.3452332879639521,1.375
-0.6526581920723485,-0.21322024649939578,-0.19311008558538953,0.006342486677292892,-0.9520699642881043,-0.21124745154746236,-0.963552930492838,0.9436881138522695,0.806
-0.9382351340700686,-0.7716247783699135,-0.6573367669528242,-0.15810814321535804,-0.1073028095619713,-0.11951052890838929,-1.356783061825697,1.2379067689876895,1.144
-0.21455840387614258,0.9833608932231422,-0.1231575984280001,-0.106622368548758,-0.13509674386502452,-0.057709929967658155,-0.6733116430804921,0.6744032430503653,2.639
-0.7121754317439741,-1.888433842110949,-0.22556974100784438,0.01255423910399504,-0.013814121451701335,-0.11176261366226484,-0.7856631091755951,0.8489397333849326,1.845
0.622968192782973,0.026095981445111813,0.23459816910527756,-0.22352392847752228,0.7399910664644394,-0.06099562911437569,1.0540921481317023,-1.2155776094296975,2.753
0.40415636764355667,0.5845005133156296,-0.11565224852129925,-0.21177572414414111,-0.3734507865245416,-0.08061607034908563,-0.7950257313501851,0.7841118941178088,2.197
-0.24926356763133042,-0.4525364744439034,0.030277626325078418,-0.24462776781062393,0.23633128727577773,-0.04839364340205148,0.30976368525165227,0.14580701517995168,0.925
-0.47024446550544613,-1.0907130822959237,0.20589153736920054,0.18054675053342975,0.040931506720979276,0.007076699638868051,0.300401063077059,0.13583350144654965,0.934
0.061548683987158834,-0.5323085504254059,0.5144997944098445,0.8644552485172637,-0.7170848833622907,-0.007394925166734799,-1.1695306183338607,1.118224604186844,5.00001
-0.7907381881105201,-0.6120806264069084,-0.2257033384701499,0.01999667209473462,-0.2808043388476975,-0.11497933249450891,1.2319819694489484,-1.43000815469788,1.733
0.4107164900606956,0.34518428537112195,0.21404631556558174,0.01313188428703134,-0.27996209841427167,-0.05822698302372602,1.3115642579329798,-1.4000876134976739,2.485
2.0015461762169466,-0.4525364744439034,0.634329425848414,-0.2057247755427508,1.5072721013153938,0.0034679066030254024,-0.6873555763423803,0.4649594546488802,3.749
0.3723609356056481,1.382221273130655,-0.21572112690042908,-0.1349908128170889,0.37108975662391464,-0.1065539154002946,1.0821800146554788,-1.4948359939650109,2.752
-0.3582462464967071,-0.7716247783699135,-0.2752777592206421,-0.2792072357930608,0.35761390968910095,0.051619977976201374,0.5953236615767032,-1.095895444628852,1.891
-0.8047578045665029,0.34518428537112195,-0.6460337771000804,-0.13656959539491825,1.0255105733958043,0.2172185164010041,-0.8090696646120734,0.6195489175166435,1.706
-0.3623198709008985,0.1856401334081169,0.020973851820116504,-0.22637077104052686,-0.5267385454080473,-0.09842152943451503,0.7451256163701729,-0.7019416521593905,0.976
-0.20572340029822117,0.7440446652786346,-0.03980907462318573,-0.055755662192266485,-0.7019245555606253,-0.12115330340008457,-0.7013995096042687,0.5646945919829217,2.654
-0.4053839003166347,-1.1704851582774263,0.8230064456799635,0.6546471608754906,-0.5334764688754542,-0.06159702448402606,0.7638508607193562,0.016151336645697005,1.146
-0.3440679174016,1.382221273130655,-0.34002256854021606,-0.18491981184094955,-0.7482477793990473,-0.11411403680416647,0.8106639715923161,-1.2405113937632062,3.343
0.10783987039842316,1.5417654250936599,-0.027095115181344328,-0.28252681129137486,-0.528423026274899,-0.10174016540818816,1.1570809920522152,-0.8415708444270471,1.432
-0.30655883035521553,0.9035888172416396,-0.3553275748214372,-0.04261612297656552,0.05693407495607053,-0.02414493224767829,0.9838724818222641,-1.4549419390313956,2.608
-0.16218323296511217,-0.9311689303329186,-0.5205556660178156,-0.12437411669312945,0.20179942950531768,0.08742642128801233,-0.6733116430804921,0.6095754037832344,1.515
-0.666519095889207,-0.05367609453639072,-0.00639797190392798,0.14625106022340678,-0.30101810924991806,0.007901436547469127,-1.4410466613970234,1.2379067689876895,1.356
-1.065469766434744,1.86085372901967,-0.4418764416434637,-0.06942632036676218,-0.25637936627834773,-0.13150838264392128,1.0306855926952239,-1.335259774230543,1.982
0.30527839346909574,-0.4525364744439034,0.25069872679791955,-0.1252284184110728,0.012295331984500186,-0.03322400837452115,0.8855649489890492,-1.220564366296402,2.917
0.14376183105356422,0.7440446652786346,-0.4722926104723042,-0.02361622589470686,-0.5141049389066595,-0.14843073568148335,-0.9869594859293196,0.8938205451852523,4.333
0.6352419702085883,0.9833608932231422,0.14270738646158854,-0.1718635079053424,-0.5688505670793401,-0.04349799103085386,-0.8137509756993684,0.5846416194497258,3.46
-0.143984183678855,0.504728437334127,-0.02781671828480013,-0.008977294481662458,-0.6985555938269219,0.025166809233141983,-0.8277949089612566,0.7442178391841936,1.78
-0.5093935831561156,-0.6120806264069084,0.8449263661849565,0.3226726359012438,-1.0522965758657812,0.017176390454875602,1.096223947917367,-0.8266105738269406,1.35
0.9358437087100787,0.504728437334127,0.3941281410956642,-0.22068834558981573,0.0030306872168157756,0.01205591783836826,-0.8558827754850332,0.8489397333849326,2.008
-0.3722658629526902,-0.2929923224808983,-0.0140694464812704,-0.04251297820153973,0.2506493746440173,-0.06445129436867836,-0.25667495631115467,-0.49748462062461,2.054
-0.9104604222233099,0.10586805742661434,-0.7378616605447835,-0.21313772749891927,1.2108034687494926,0.08754529073486648,-0.7013995096042687,0.7242708117173825,1.423
0.62212172537431,-2.1277500700554564,1.1968610194840432,0.3717271106663645,0.3028682815164203,0.016371780664050022,1.26475114706002,-1.1706967976293778,2.051
-0.7086308494701973,-0.05367609453639072,-0.3936372551721652,-0.04976351091990492,-0.06434854745725266,0.05633398974678853,-0.7575752426518185,0.8090456784513174,1.573
-0.8043874750752128,-1.4098013862219338,0.04180634243895765,0.19423946616002355,-0.663181495623036,-0.060829652614508026,-0.7950257313501851,1.5520724515899134,0.894
-1.1250399103194109,1.3024491971491523,-0.3296233227632909,-0.13288245658680375,-0.727191768563401,0.13405933943411244,-0.13496086804146165,0.2904229643143058,0.844
-0.5046322039823856,0.2654122093896194,0.12771077126192218,-0.0002696542445927344,-0.5301075071417508,-0.031107502738809537,1.5175419457739994,-0.9612530092278927,0.982
-1.2676696686791467,0.6642725892971321,-0.42835205928980574,0.006042702510336332,0.2034839103721694,0.0711624434893045,-0.7809817980882967,0.6544562155835542,1.03
-0.6375275871424954,-0.5323085504254059,-0.1627535771609925,0.03837205819948666,0.1142064244290287,0.014439586125363042,-0.7388499983026352,1.1980127140540744,0.847
0.9169040004412414,-0.691852702388411,0.26440663491367594,-0.19048380597966208,0.4763698108021466,0.0013876779939071952,-0.8231135978739617,0.8688867608517437,2.605
0.39595621462213254,0.10586805742661434,0.23604638240085676,-0.03173065461488705,0.032509102386720716,-0.04638419514260018,1.0821800146554788,-1.1956305819628863,1.841
-0.7376752624299506,0.504728437334127,-0.554846446983617,-0.07038269641351848,0.6911411213257397,0.1649533182818361,-0.668630331993197,0.23556863878058407,1.82
-0.7077843820615343,1.86085372901967,-0.5492755922569752,-0.12033773701660781,-0.8282606205745036,-0.10152776783716087,0.815345282679611,-1.2405113937632062,3.167
-0.3556539400576764,1.86085372901967,-0.30048252751947446,0.03515165720856608,0.24980713421059145,-0.06907890021182687,-0.7341686872153369,0.6694164861836607,1.898
0.25427873209714275,1.1429050451861473,-0.13497816518967048,-0.1604069075280606,1.4339971836073442,0.026989816453934903,0.9698285485603757,-1.3951008566309693,2.173
-0.2177326566586294,0.1856401334081169,-0.044400226643850606,-0.15980456052037237,-0.6025401844163744,-0.0753084676803448,1.3022016357583865,-1.629478429365963,2.095
-0.45125185302356746,-0.5323085504254059,0.4629127778096268,1.0258996728774075,-0.4315653764309257,-0.04900718951365855,1.6767065227420623,-0.21323947922259207,0.936
-0.07071184861645363,0.504728437334127,-0.7147556057209428,-0.2288460813571009,-0.002864995817165213,-0.022374846307111916,-0.7809817980882967,0.5846416194497258,2.846
-0.570550853432026,-0.5323085504254059,-0.41244194262235084,-0.028380573759262135,-0.08961576046002832,0.11690569834292815,-0.7435313093899302,0.8090456784513174,1.625
-0.9280775251661112,0.5845005133156296,-0.7374875989942353,-0.164737913458343,0.05440735365579296,0.036318255759565175,-0.7856631091755951,0.6843767567837673,1.482
-1.0163746567322829,1.86085372901967,-0.4419393079369128,-0.204363877379461,-0.7945710032374694,-0.05731253154588371,1.0025977261714474,-1.3153127467637389,1.266
-0.21043187525890986,0.504728437334127,-0.07708765940636281,-0.1536652768642312,-0.04750373878873555,0.04361581674930604,-0.7294873761280419,0.7890986509845063,1.663
-0.9271252493313652,-0.6120806264069084,-0.40114142674746894,-0.04337571174670561,0.2615985002785534,-0.03649746743240228,-0.7341686872153369,0.824005949051424,1.767
0.5376866013601637,0.5845005133156296,0.00972048679952754,-0.28248985294247275,-0.6016979439829485,-0.0631372888839939,-0.8512014643977349,0.739231082317489,2.189
-0.629168721481947,-0.851396854351416,-0.030460575033596622,-0.2153113764641692,-0.6379142826202603,-0.03006223217385323,0.6795872611480297,-0.3379084008901422,0.759
0.07868964901258677,-0.2929923224808983,-0.0958660776167595,-0.10859554159400056,-0.04497701748845799,0.1847841579076568,-0.6967181985169703,0.21063485444707544,1.88
-1.1155700561849922,1.6215375010751625,0.03614010414781436,0.4337084838448485,-0.7339296920308078,0.08144715019310525,1.0072790372587457,-1.3452332879639521,0.75
-1.2219604286113381,-1.2502572342589287,0.07080237252083495,0.3293149589478702,-0.5865376161812831,-0.10006753453634809,-0.7060808206915636,1.6268738045904463,0.574
-0.2106434921110756,1.86085372901967,-0.21817844679254975,-0.19156796660227882,-0.056768383556419964,-0.07252925240454951,0.9932351039968573,-1.43000815469788,4.417
-0.17223503344298655,0.10586805742661434,0.031328555587117564,-0.22797452839051063,0.31381740715095646,0.0008276330579060901,0.9089715044255309,-0.6720211109591773,1.029
-0.9082384452755692,0.10586805742661434,-0.15814781610989068,-0.1104361374439971,-0.33554996702037815,-0.09130546643247792,1.667343900567469,-0.7418357070930056,1.052
-0.37729176319162727,-1.010941006314421,-0.11838321367368397,-0.1550031154149677,1.4457885496753062,-0.022022359411731127,1.6954317670912455,-1.8090016765672348,1.429
0.09768226149446589,-1.2502572342589287,0.5500075506287655,0.018733177508042084,0.17905893780281956,0.01707833520423471,-0.9026958863579931,1.327668392588322,1.323
-0.16202452032598774,-0.13344817051789326,0.121199674046036,-0.29926184595617716,-0.13509674386502452,-0.011136932691766752,-0.12091693477957334,0.31535674864782154,0.891
-1.2039200919642052,-0.7716247783699135,-0.8198340307494953,-0.10267103558642729,1.953659531031097,-0.08169516189375021,-0.7435313093899302,0.5696813488496192,3.5
0.7849079889028361,-1.010941006314421,-0.39693824114863036,-0.07532598789661245,-0.7718305115349713,-0.21496094334580818,-0.9354650639690647,0.8788602745851457,2.917
0.7165557456532892,1.5417654250936599,0.4297505277719709,-0.18491981184094955,-0.5444255945099903,-0.07861812638290452,-0.7248060650407468,0.7342443254507844,3.596
-0.2304296677885762,-1.8086617661294464,-0.26332048161075833,-0.08675505810795041,-0.5890643374815606,-0.12694750913770964,1.096223947917367,-0.8764781424939578,1.238
-0.46109203664927634,-0.851396854351416,-0.12321264856166553,-0.09450490708687129,-0.43577657859805496,-0.10162122276841286,1.2038941029251717,-1.504809507698413,1.938
0.13392164742785537,-1.888433842110949,-0.16411635134416033,0.35020910738560795,0.8873831423139641,-0.042905103590845727,-0.7528939315645234,0.8938205451852523,1.259
-0.9713002672209717,-0.5323085504254059,-0.21831993759714885,0.05333568041641872,-0.5772729714135987,-0.07083918906116049,-0.83715753113585,0.8190191921847194,0.55
-0.503150886017225,1.86085372901967,-0.3789532562354163,-0.01697852007311535,-0.20247597853909297,-0.06402468743408338,-0.83715753113585,0.8389662196515305,1.773
-0.9881767111811928,0.34518428537112195,-0.3417737404969982,-0.08548654062802488,0.07040992189088421,-0.14710796064984566,1.3817839242424181,-0.9014119268274735,1.188
-0.18974632795970492,-0.6120806264069084,-0.4080362063188308,-0.04903613995620774,0.3306622158194736,-0.05571864546622967,-0.682674265255082,0.5048535095824954,2.237
0.19380921659077108,0.4249563613526245,-0.2904175906544468,-0.2843631224243062,0.5395378433090857,-0.008262180874221118,-0.8558827754850332,0.7791251372511042,1.984
-0.601235296996064,0.9035888172416396,-0.19196715533308825,-0.27073734855668485,-0.6699194190904427,-0.11850805365108676,1.3022016357583865,-1.544703562632028,1.612
0.611329265913855,-1.0907130822959237,0.18897527975395048,-0.11150018993538224,0.8309530332744317,0.07515123903507458,-0.7809817980882967,0.8190191921847194,2.699
-0.13832343288342042,0.8238167412601372,-0.9900849655262575,-0.46582048680507604,-0.7389831346313629,0.30314115777837186,-0.8933332641833999,0.8639000039850392,1.58
-0.676729609006206,-0.13344817051789326,-0.4188234044088581,0.08210866333948877,-0.060979585723549244,0.06005726096490281,-0.8933332641833999,0.6494694587168496,1.924
0.6626463525640569,-1.9682059180924516,0.6818463189126409,0.034097659302469774,-0.34902581395519183,0.01264977860552158,-0.5469162437235007,1.1680921728538611,1.709
-0.9116772191232632,0.026095981445111813,-0.1263861614273269,-0.06265054562547034,-0.09888040522771274,-0.09467662341085635,2.2993208973524193,-2.26778330830382,0.751
0.6114879785529794,-0.6120806264069084,0.306044984247447,-0.11510135257139124,2.3309832452058803,-0.047054488089363196,-0.668630331993197,0.27546269371419924,2.466
-0.14768747859175618,0.504728437334127,0.020121230379387588,-0.15731220733588747,-0.4804153215696253,0.02938047555784096,-0.7388499983026352,0.8389662196515305,1.869
-0.7532820052771769,0.4249563613526245,-0.19217152406331803,0.08486659750589662,-0.53431870930888,0.019888275910420142,-0.4298834665411026,0.7492045960508911,1.048
1.2197277158904725,-1.2502572342589287,0.3881160339587936,-0.1985160381197584,0.000503965916538209,-0.04840601744127712,1.4613662127264495,-0.79170327576003,2.778
-1.3391432604981388,-0.6120806264069084,-0.9335584371408688,-0.07295088954487741,1.2571266925879145,-0.005777452308777866,-0.8792893309215115,0.6993370273838738,2.188
-0.14467193844839382,0.5845005133156296,-0.003536896215579217,-0.2617429335274212,-0.49304892807101314,-0.038857990409337274,1.4005091685916013,-0.8515443581604492,1.216
0.339295802454745,1.86085372901967,0.3733946072366613,1.080888854716145,-1.1853705643470662,-0.08657497883683805,0.6093675948385916,-1.2305378800298041,2.583
-0.5644668689322597,1.6215375010751625,-0.11471657793259168,-0.2781310538554632,-0.8164692545065416,-0.08900288014359149,-0.7575752426518185,0.614562160649939,2.42
-0.8668144464641178,-0.5323085504254059,-0.31828939678352003,-0.2840589617905967,-0.08035111569234392,-0.01725437369060463,0.18336828589466092,0.28543620744760834,0.652
-0.7962402262668302,-0.21322024649939578,-0.9343155836032432,-0.18491981184094955,0.9362330874526636,0.1192887119117471,-0.7528939315645234,0.6394959449834475,5.0
0.60381686766197,0.4249563613526245,0.2397440578099682,-0.17240563817256485,-0.4340920977312032,0.014110583082290747,-0.84652015331044,0.6195489175166435,3.542
0.2511044793146564,0.026095981445111813,0.20367803236184756,-0.12183964573345303,0.21527527644013136,0.027171988263001424,1.096223947917367,-1.3552068016973542,1.708
-0.3452318100885116,0.9833608932231422,-0.5634795537890923,0.018107668894255805,-0.31449395618473175,-0.1933598290255207,-0.7763004870010017,0.5547210782495127,3.7
-0.495426870913174,-0.13344817051789326,-0.6358674506544384,-0.03154583728429346,1.337139533763371,0.013025470407458899,0.7919387272431327,-1.135789499562467,1.537
-0.7605298824638549,-0.5323085504254059,-0.14403397469874646,-0.12183964573345303,-1.041347450231245,-0.10391847538081712,0.9604659263857858,-0.6919681384259885,2.688
-1.0198663347930181,0.1856401334081169,-0.5531417814648382,0.07394443828483435,1.563702210354926,0.04567344337971006,-0.8043883535247783,0.6295224312500455,1.375
1.288609001270434,0.34518428537112195,0.4857897572900902,-0.09161696172617592,-0.17047084206891044,-0.005501103833244924,-0.8886519530961048,0.8838470314518503,2.656
-1.7578272025081343,1.382221273130655,-0.8217175802964348,-0.09881037874182737,-1.1744214387125302,-0.17006138408864047,1.1055865700919605,-1.1208292289623605,0.875
-0.8846431662590848,-1.0907130822959237,-0.5521816401293962,0.0017432173287603306,1.33124385072939,-0.08277648808272375,-0.8090696646120734,1.0783305492532216,1.293
0.6877229495457016,0.026095981445111813,-0.033357917424918004,-0.17487371131271867,0.17232101433541272,-0.004196187585059519,-0.677992954167787,0.5846416194497258,2.374
-0.13906409186600055,0.026095981445111813,-0.09071200112922509,-0.14473540972802607,-0.15952171643437432,-0.09965866921212053,0.5344666174418551,-0.1085175850218531,0.888
0.18566196778238875,0.6642725892971321,0.046720637578052684,-0.08386785946874448,-0.38608439302592945,-0.026159114456857216,1.3490147466313465,-1.4399816684312892,2.566
-0.9755326042642873,-1.010941006314421,-0.30334491814135545,-0.044425473626592375,-0.7010823151271994,-0.2041642361946399,-1.1601679961592675,1.1381716316536479,0.877
0.5018704491311052,-1.4098013862219338,0.4337449898232564,0.02462546097966066,-0.5376876710425834,0.04471115033659724,1.2273006583616535,-0.8465576012937517,1.567
0.403362804447935,-1.0907130822959237,-0.04610764411696189,-0.09353568146163636,0.9572890982883101,0.11394810428081428,0.9042901933382359,-1.2355246368965016,1.514
-0.0636755882819414,0.504728437334127,-0.2820278252978942,-0.2229447717842535,0.05019615148866368,0.055205759388769676,-0.8137509756993684,0.7492045960508911,1.662
-1.06203099258705,0.7440446652786346,-0.6666882557393567,-0.13884852279428553,-0.15867947600094848,-0.19341122763373056,1.3630586798932347,-0.9413059817610887,1.141
0.16598160053097102,-1.1704851582774263,-0.0753333730636251,-0.03904030164949578,1.7995295317141653,-0.00829273054103032,-0.6264985322075322,0.5746681057163238,2.116
0.2345983648457255,-1.0907130822959237,-0.12460705321091903,-0.1718635079053424,-0.5292652667083249,-0.021298227578208546,-1.3474204396511038,2.0058673264598013,0.875
1.195550490530532,-0.21322024649939578,0.57607553731682,-0.10572427483007825,-0.557901441444804,-0.03338070482930276,1.4051904796788963,-0.7966900326267274,1.792
1.4504958931772554,-0.9311689303329186,0.22660156156950384,-0.09126293839051008,-0.6951866320932184,-0.08469843360372979,1.3209268801075698,-1.4998227508317084,3.415
-0.6243015338821342,1.3024491971491523,-0.7005111669508797,0.008467623327495578,-0.0769821539586405,-0.15708153252586024,-0.8839706420088065,0.7093105411172759,1.911
-0.3440679174016,1.382221273130655,0.028606252583086987,-0.0015609140879237408,-0.5511635179773972,-0.04512804359206212,-0.7809817980882967,0.6295224312500455,1.496
1.41076482918313,-0.37276439846240084,0.651512470026943,-0.17361794874668962,-0.4383032998983325,-0.028107237472294523,1.1102678811792555,-1.4848624802316017,3.877
-0.9224167743706766,1.1429050451861473,-0.4311447462430655,0.07493932182262325,0.37614319922446976,-0.036566206735758354,-0.7856631091755951,1.1082510904534348,0.967
-0.3125370064288987,-0.21322024649939578,-0.4515089548286216,-0.311306237841274,-0.7516167411327508,-0.02143789664591562,-0.841838842223145,0.7541913529175956,2.365
-0.4443743053281797,-1.010941006314421,0.12305878549944094,0.15353170328126842,-0.5469523158102678,-0.12701547636043842,-0.11623562369227836,-0.6371138128922667,2.781
0.13661976229296935,-0.4525364744439034,0.033175490020802875,-0.09081709803220413,0.20853735297272452,-0.09161707611226336,-0.8652453976596233,0.6394959449834475,3.626
-0.996535576841741,0.504728437334127,-0.26762162239971077,-0.025364097569047034,-0.5368454306091576,-0.061091712615699616,-0.7622565537391135,0.6195489175166435,1.381
-0.6337713880165528,1.86085372901967,-0.8287387220777503,0.019750743696889155,-0.19321133377140856,-0.20497912208379732,0.9979164150841523,-1.410061127231076,0.875
-0.730586097882397,0.4249563613526245,-0.1276611149450009,-0.07821003589514773,0.00218844678338992,-0.10134890672471679,-0.5703227991599823,0.1807143132468623,2.603
1.2860166948314031,1.3024491971491523,0.3733946072366613,-0.001025090307231292,-0.9916552646591196,-0.11895156857906244,-0.7575752426518185,0.6045886469165369,3.404
0.7266075461311637,1.382221273130655,0.07586939577283885,-0.05394257755373927,1.9342880010623023,-0.1267149475120449,0.7310816831082846,-1.1906438250961888,5.00001
-1.190694038703844,0.4249563613526245,-0.41127335908714835,0.01277194131909282,-0.35576373742259865,0.023900168833553462,-0.7341686872153369,1.1381716316536479,0.737
-0.946593999730617,0.1856401334081169,0.22776198090284105,-0.2506761062075519,-1.075879308001705,-0.03424021733570818,1.138355747703032,-0.8515443581604492,1.75
1.690945541450623,1.86085372901967,0.47510628277139283,-0.2727514336020541,-0.5208428623740663,-0.09666811141205593,1.0119603483460407,-1.30533923303033,3.314
1.425578008834735,0.4249563613526245,0.34888619585085856,-0.028988682640591977,0.11841762659615798,-0.11452567204467373,-0.7107621317788586,0.5996018900498323,5.00001
-0.07732487524663435,-1.6491176141664414,0.24507231891668024,-0.10081292369762086,-0.5469523158102678,-0.10315779570783558,1.672025211654764,-0.79170327576003,1.75
-0.3514216030143609,0.026095981445111813,0.18813405536982883,-0.1427437629760736,-0.43493433816462906,-0.05155798826975552,0.2629505743786924,0.12087323084644307,1.068
-0.22942448774078875,0.7440446652786346,-0.5052906898807882,-0.055108763279167965,1.5249591504173368,0.30755208148302315,-0.8980145752706948,0.8639000039850392,1.656
2.4231398499442216,-0.2929923224808983,0.8071504662524946,-0.0795820587294022,-0.727191768563401,-0.03982936662223658,-0.7248060650407468,0.6444827018501521,5.00001
-0.06573885259055788,1.2226771211676497,0.047211590360327,-0.25413696380579404,-0.8248916588408002,-0.11762526795712559,1.3490147466313465,-0.9512794954944906,1.798
-0.3731123303613533,-0.7716247783699135,-0.035098506916316614,-0.050489977434406474,-0.2378500767429789,-0.04007610800669744,-0.841838842223145,0.8589132471183346,3.244
1.2047558235997438,1.86085372901967,1.005585280172364,0.7504067890633075,4.416370558368299,29.714462402160002,1.4192344129407846,-0.7767430051599233,2.25
0.15698788431392566,0.34518428537112195,0.07582450851532813,-0.1571532384039966,-0.12077865649678499,-0.07713262263509871,0.7591695496320612,-1.1407762564291646,3.131
0.5765711979456258,-1.4098013862219338,0.19358057548831886,-0.09023242755187648,0.66671614875639,-0.029127050982149495,-1.2678381511670722,1.2379067689876895,2.318
-0.7037636618703844,-1.4098013862219338,-0.7022219614933607,0.04805110838428245,-0.6833952660252565,0.09707829465178949,-1.1882558626830442,1.2478802827210915,1.225
-0.21307708591098204,1.4619933491121573,0.24828187591767098,0.09025598523667973,-0.5528479988442488,-0.033197314479707404,1.4192344129407846,-1.0859219308954429,1.231
-0.6960396467663333,1.382221273130655,-0.34676172654017723,-0.1286616488828565,-0.1165674543296557,-0.14995818998820645,1.0353669037825188,-1.3402465310972476,2.207
-0.36925032280932785,0.1856401334081169,-0.6593546153927076,-0.15152116628535353,-0.6101203483172071,-0.15651576168729261,0.9932351039968573,-1.420034640964478,2.938
-0.20910926993287376,0.6642725892971321,0.01939251864371283,-0.2505842678075985,-0.41472056776240857,-0.057410775151152504,-0.7294873761280419,0.9636351413190807,1.453
0.6190003768048645,-0.21322024649939578,0.20589756515299132,-0.3255113527454144,-0.1014071265279903,0.059274845775560095,-0.9261024417944714,0.8190191921847194,2.65
1.1491005914801435,0.504728437334127,-0.06663818393259359,-0.044367639717440455,1.865224285521382,-0.12388322819002172,-0.7622565537391135,0.5198137801826019,5.00001
-0.7943885788103797,-0.4525364744439034,0.36965641560755774,0.32046883185712877,0.17063653346856103,-0.05520794084504614,2.8283090502168595,-1.6593989705661762,0.62
-1.3291972684463471,0.34518428537112195,-0.3159605835167421,0.08325999039572313,-0.5713772883796177,0.01687487811348863,1.3911465464170114,-0.9213589542942775,0.559
-0.7452405648948772,0.10586805742661434,-0.08852373073935145,-0.08393283270899501,0.29697259848243934,0.006769046039522763,-0.7388499983026352,1.1680921728538611,0.858
-0.17874225164708438,-0.7716247783699135,-0.25180327894821875,-0.21640758961600162,0.6633471870226865,-0.03948020278451529,0.9511033042111924,-0.7119151658927925,1.45
0.14090500354932628,-0.21322024649939578,-0.3458181859390072,-0.09733037286043647,0.44099571259826065,-0.0009176934111606183,-0.677992954167787,0.5796548625830212,2.265
-0.6983145279271156,-0.691852702388411,-0.4506305619770877,-0.17920939680385004,2.05051718087507,0.1318537889020882,0.6280928391877748,-0.9812000366947038,1.601
0.14344440577531584,-0.7716247783699135,0.11506495344490947,-0.09690530278830713,-0.11909417562993327,-0.027177340230467164,0.9885537929095624,-0.8864516562273669,2.228
0.22740339187208883,-1.010941006314421,0.0947739841356658,-0.061592990237194604,1.2916585503583746,-0.08182313730366231,0.7451256163701729,-1.1308027426957625,2.624
0.021870524206075,0.9833608932231422,0.15400488849604832,-0.030723850244847344,-0.8619502379115378,0.013226194258339851,0.2255000856803258,0.20066134071367342,0.859
-0.3279321324239593,-0.691852702388411,-0.46753011442726317,-0.04751114200192478,0.1731632547688386,-0.1835825230782941,-0.7013995096042687,0.5996018900498323,2.563
-0.8857012505199138,0.4249563613526245,-0.1648807358793731,-0.20670653587807689,-0.27069745364658726,0.03685308819745319,0.7357629941955796,-0.32793488715674013,0.599
-1.0290716678622296,-0.851396854351416,-0.09223112478556111,-0.256989663456519,-0.28585778144825263,0.11707550613494995,0.300401063077059,0.1906878269802714,0.494
-0.03976288398720832,1.86085372901967,-0.009595564264203054,-0.17476083377869375,-0.28585778144825263,0.0007476288363955463,0.9698285485603757,-1.4050743703643713,2.713
-1.338931643645973,0.2654122093896194,-0.3711564984596027,-0.08103885744264691,0.48058101296927586,0.1567259868652232,0.5157413730926718,-0.07859704382163994,0.445
-1.1155700561849922,-0.9311689303329186,0.008275771983778707,0.6670667906494028,-0.6724461403907204,-0.13513559888355953,1.545629812297776,-1.514783021431815,0.64
-1.3712561178142957,-1.7288896901479438,-0.7564345545099582,-0.0887337429536325,-0.2058449402727964,0.15013774561242135,-1.4597719057462069,1.2728140670546,0.675
2.1771352593015028,-1.1704851582774263,0.9486413004731856,-0.10205979131160563,-0.060979585723549244,0.0786815524261637,-0.9073771974452881,0.9137675726520563,3.687
-0.12536190068826628,-0.691852702388411,-0.3257058731245941,-0.01241769092856345,-0.41640504862926025,0.002686777210319354,-0.8699267087469216,0.7641648666509977,1.953
0.16159055084853147,-1.010941006314421,0.33939547974050105,-0.15105655163342954,-0.34228789048778496,0.10169295532733891,-1.178893240508451,1.232920012120985,1.636
0.40542606875655124,-1.010941006314421,-0.6055802697851302,-1.3151061212669268,-1.1643145535114199,0.40079248764243397,-0.6967181985169703,1.158118659120459,2.5
-0.3771330505525031,0.4249563613526245,0.11586930109553226,0.045926753488611714,-0.4475679446660169,0.016981038601567886,-1.3333765063892153,1.2179597415208783,1.783
0.10149136483344999,0.026095981445111813,0.03300882185125128,-0.12546891556429524,0.7762074051017511,0.021141430965145053,-1.3989148616113587,1.2628405533211982,1.25
0.7529009400127618,0.504728437334127,0.09426540676350584,-0.21574307482529448,-0.5166316602069371,-0.09653642491801903,1.0774987035681838,-1.459928695898093,3.31
-0.8786120859723601,-0.5323085504254059,0.5416368650560974,0.5582163916172275,-1.088512914503093,-0.15145574480741686,1.3630586798932347,-1.3302730173638455,1.528
-0.8775010974984897,-0.2929923224808983,-0.3374605681381955,-0.1505850378837045,0.7079859299942568,0.06976684033109427,-1.366145684000287,1.2379067689876895,0.987
-0.47077350763586073,-1.010941006314421,0.06964153274571004,-0.20457522591792315,-0.7389831346313629,-0.006650696326960364,1.6579812783928791,-0.801676789493432,1.283
-1.1826525983215446,-1.7288896901479438,-0.16291842699631065,0.0770667313462487,0.5201663133402911,-0.10855215809466545,-0.5469162437235007,1.1331848747869504,0.934
-0.44633176121071305,0.8238167412601372,-0.5054261448372911,-0.09218657619574108,0.02998238108644315,0.14624761399511158,-0.7248060650407468,0.6694164861836607,1.563
1.2481372782937286,-0.13344817051789326,0.517643693543353,-0.22525359834834496,0.16810981216828344,-0.003938584979570685,0.8808836379017543,-1.1706967976293778,3.053
-0.7892039659323182,1.701309577056665,-0.5184011532548024,-0.08792297915458214,0.9294951639852568,0.023007194191389822,-0.6405424654694204,0.14580701517995168,1.653
-0.1639290719954798,1.0631329692046447,-0.224108731511456,-0.01234364509042668,-0.32628532225269374,0.16619540451301745,-0.8746080198342165,0.6644297293169561,2.056
-0.6574724754591201,-0.7716247783699135,-0.7685913926287402,-0.016545116763202045,0.48226549383612755,-0.06614840100603989,-0.677992954167787,0.49487999584909337,1.823
-1.0116661817715944,0.5845005133156296,-0.16930983293794236,-0.08896930067335643,-0.6673926977901652,-0.05933954172910716,0.6842685722353248,-0.3379084008901422,0.57
-1.4102994270388822,-0.21322024649939578,-0.6224591469751611,-0.005648880000967132,-0.5023135728386975,0.07031651523228191,-0.7622565537391135,0.7043237842505713,1.438
-0.08457275243331235,-0.05367609453639072,-0.44069429074752486,-0.027748431207144972,0.9488666939540515,-0.0943797053919013,-0.83715753113585,0.624535674383341,2.666
1.0451967170667453,-1.0907130822959237,0.40854020212684733,-0.2770623899342776,-0.8728993635460739,-0.07140789827440866,-1.2678381511670722,1.1631054159871566,5.00001
0.5915959944493959,-1.1704851582774263,-0.02209380260551911,-0.17970857813754437,-0.18310444857029828,0.05715708949335441,0.7685321718066512,-1.1058689583622539,1.865
-0.9814049719118877,-0.691852702388411,-0.48506252924267473,0.2734335247595859,0.3508759862216941,0.01918485169669528,-1.361464372912992,1.242893525854394,0.992
-0.21381774489356242,0.5845005133156296,-0.19911308882357234,-0.24564624040712155,-0.6598125338893325,-0.08423163130693671,1.3022016357583865,-1.5397168057653305,1.612
1.5054104663142756,-0.851396854351416,0.26561530416140955,-0.09762266242321871,0.29697259848243934,-0.0786345322642528,0.8762023268144593,-1.3651803154307562,4.13
0.06816171061733932,-0.37276439846240084,0.22263858155952287,-0.0894951102535318,-0.48883772590388386,-0.10680464258331702,-1.0431352189768694,0.9885689256525892,3.465
-1.3718380641577517,-0.9311689303329186,0.36152824509094267,0.9000590452079889,-1.181159362179937,-0.14763220058815624,-0.8137509756993684,2.4546754444629775,0.275
0.44282934737685303,0.9833608932231422,-0.20314691908463617,-0.2264898829922498,-0.336392207453804,-0.0901842727334677,0.8013013494177228,-1.2155776094296975,2.848
-0.666254574824,0.34518428537112195,-0.48040462032114656,-0.2437262539574231,-0.3406034096209333,0.14563393245780937,0.9089715044255309,-0.7119151658927925,0.68
-0.4833118061266831,-1.7288896901479438,-0.02181175870217909,-0.07240348592476344,3.6853058621546557,0.08181003951679731,0.9183341266001208,-0.6869813815592839,1.278
1.2436404201852054,-1.010941006314421,0.9777857822630294,-0.008623340175615888,-0.39787575909389145,-0.05107772416963712,-0.4860591995886558,-0.2581202910229118,4.4
-0.6210214726735644,-0.21322024649939578,-0.30502840503101114,-0.013090581086592622,-0.4576748298671272,-0.225344979921282,-0.958871619405543,0.938701356985572,0.741
0.03938181872279336,0.2654122093896194,-0.18049179975138788,-0.2448220261707736,0.26496746201225685,0.07237966944920239,-0.6967181985169703,0.2056480975803709,1.876
-1.5327726802298274,-0.05367609453639072,-0.053794430009211434,-0.159086981911213,-1.0615612206334655,-0.08096768296171696,1.049410837044407,-0.8415708444270471,0.557
-1.2252404898199076,-0.05367609453639072,-0.34307440130946265,0.19117580037139237,0.3096062049838272,0.09390298545749955,-0.79970704243748,0.6694164861836607,0.957
-0.8794056491679817,1.2226771211676497,-0.5047161915465215,-0.245196415010335,-1.076721548435131,0.2666846612957886,-0.8746080198342165,0.6893635136504719,1.5
1.912085151963863,-0.05367609453639072,0.5054800125161727,-0.13904332739913386,-0.08708903915975076,-0.0332444184910778,0.7919387272431327,-1.220564366296402,4.316
-0.10705704297592646,-1.1704851582774263,0.20684582663839104,-0.10933178857387449,-0.33723444788722984,0.03315551250738675,0.5344666174418551,-0.12846461248865715,0.888
0.5256773449997555,0.5845005133156296,0.17463304129587323,-0.22259268882181554,-0.6177005122180397,-0.020066219429152165,-0.7950257313501851,0.7342443254507844,2.673
-1.0184379210408991,0.7440446652786346,-0.429003935578052,0.12813407250118913,0.28349675154762566,0.1263404745595583,-0.7528939315645234,0.6394959449834475,1.906
-0.8446475811997524,1.1429050451861473,-0.04870884623247487,-0.05898476593348355,-0.21089838287335153,-0.12465786332203525,1.9107720771068584,-1.1208292289623605,0.851
0.34612044593709146,-1.010941006314421,0.25761117076629936,-0.10152742396097436,-0.19573805507168612,-0.019822752698867747,1.540948501210481,-0.7966900326267274,1.963
1.957847296244713,-0.851396854351416,-0.07783942698869382,-0.1452641518610908,-0.8055201288720055,-0.1280066650252325,-0.9120585085325831,0.5996018900498323,5.00001
-0.19577740824642967,0.504728437334127,-0.04223155538640103,-0.14329658203088788,-0.26901297277973557,-0.028484732055532737,-0.79970704243748,0.7841118941178088,1.739
-1.4991256007354685,1.6215375010751625,-0.5975751842106375,-0.060539519586662004,-0.8164692545065416,-0.08076000533671247,1.021322970520634,-1.3302730173638455,1.188
0.28438122931772525,-1.4098013862219338,0.6605300957546535,-0.13847876927063646,0.4839499747029793,0.020698681575590277,1.4473222794645613,-0.8066635463601295,2.644
-0.0008253831887048666,-1.5693455381849388,-0.24356700357269748,0.07340848745641658,-0.9967087072596748,-0.15661699046992916,-1.3521017507383988,1.1980127140540744,1.438
-0.6226085990648078,0.9833608932231422,-0.27420579497117753,0.045926753488611714,-0.8779528061466291,0.14085853258030614,0.5625544839656317,-0.9113854405608754,2.25
-1.3612043173364212,-0.13344817051789326,-0.3886347369132196,-0.04343927628444594,-0.22605871067501693,-0.02854609291810354,1.6111681675199192,-0.9762132798279993,0.47
-0.7613234456594766,0.4249563613526245,-0.6873839071325716,-0.19435031038114023,1.1653224853444963,0.07960665302235598,-0.7903444202628901,0.6993370273838738,1.784
1.4632987127332853,-1.5693455381849388,0.4130722938633795,-0.17253420844997988,2.862436958697595,-0.007095225847264077,-0.668630331993197,0.3003964780477149,2.842
-0.595997779904961,0.9833608932231422,-0.671069155211974,-0.3299248477673014,-0.470308436368515,0.13819294732721274,-0.7856631091755951,0.7093105411172759,1.56
0.8318340258705978,-1.6491176141664414,0.3465070797161505,-0.05653611022639741,0.38035440139159904,-0.028429635809525306,1.0728173924808888,-1.1856570682294842,2.467
-1.1938153872732893,0.026095981445111813,-0.3172276696441663,-0.050119408389414935,-0.26901297277973557,-0.1360551169833608,1.0868613257427737,-0.3877759695571665,0.914
0.27977856278311947,-1.4895734622034362,0.07041618913739443,-0.1599531714749318,-0.11067177129567472,-0.06510430745175909,1.091542636830072,-1.2554716643633126,2.877
1.73184049813166,0.504728437334127,0.807114743027852,-0.16622939225354305,-0.15783723556752263,0.019987791351509118,-0.6967181985169703,0.5148270233158975,5.00001
0.252638701492858,0.1856401334081169,0.17585457857557973,-0.30547301817972045,-0.703609036427477,-0.09478435318995643,-0.7013995096042687,1.1680921728538611,1.594
-1.3011051313213398,-0.05367609453639072,-0.22940142508578934,0.023063355644469815,-0.19489581463826028,-0.14977798154427285,-0.7622565537391135,1.2678273101879027,1.046
0.4597057913370737,-1.7288896901479438,0.2572803995217187,-0.1460696574544316,1.2849206268909679,-0.022766434174571776,1.437959657289968,-0.706928409026095,1.975
-0.07817134265529738,0.9035888172416396,-0.007181261580449017,-0.04005615229021661,-0.2622750493123287,0.004215712386116572,-0.7575752426518185,0.7242708117173825,1.988
0.09054019273387055,1.2226771211676497,0.21235112097333622,-0.3356113197644133,-0.5393721519094352,-0.09257167025884253,0.30976368525165227,0.1408202583132471,1.09
-0.4955855835522984,0.6642725892971321,-0.3031421436685987,-0.07924005303748141,-0.43746105946490665,-0.14230810147440492,1.049410837044407,-1.3502200448306496,2.172
-1.776925623416096,-1.0907130822959237,2.187698924779439,2.638563178725001,-1.0952508379704997,-0.09988820763975703,2.233782542130276,-1.8588692452342521,0.567
-0.11414620752348001,1.86085372901967,-0.10438260547253839,-0.18491981184094955,-0.18815789117085344,-0.004465804150854841,0.974509859647674,-1.4050743703643713,2.3
-0.08880508947662795,-0.4525364744439034,0.6960913619907376,0.30943506307343493,-0.6699194190904427,-0.10125883278319822,-0.12091693477957334,-0.6620475972257753,2.788
-1.102344002924631,1.2226771211676497,-0.41004514172702855,-0.27731460502029964,-0.7810951563026557,0.08074345574341661,-0.7294873761280419,1.1431583885203525,0.634
0.6367232881737486,-1.010941006314421,0.24529546870942867,-0.18979393069561692,-0.1923690933379827,0.023666574028749568,1.3583773688059397,-0.8764781424939578,1.324
-0.8140160418487559,-1.7288896901479438,-0.5379870676892643,-0.06703708792107564,3.350936410084591,0.047408635259409034,-1.1742119294211557,1.2029994709207716,1.175
2.1416365323506925,-0.9311689303329186,0.78712620436745,-0.13955593229305546,5.2501885874598955,0.033181533153528585,-0.7060808206915636,0.938701356985572,3.491
-1.5151026730739847,1.5417654250936599,-0.6828848552964727,0.052666799191664775,-0.6109625887506329,-0.06346364255349238,1.3536960577186414,-0.9363192248943841,0.654
0.0808058175342448,0.10586805742661434,-0.20385710354067715,-0.26588838326251213,-0.16120619730122604,-0.0546608172391341,-1.3240138842146254,1.1980127140540744,1.698
-0.9718822135644277,-0.9311689303329186,-0.30940754245961066,0.00776769009397119,-0.7339296920308078,-0.10030212939451147,0.6702246389734398,-0.7119151658927925,1.125
-0.9833095235813798,-1.0907130822959237,0.3346473022710492,0.5347090219159994,-0.569692807512766,-0.06459081881850626,0.57659841722752,0.13084674457984508,0.833
0.7838499046420072,1.1429050451861473,0.20260546785192488,-0.2215250364377423,-0.6370720421868344,-0.04303330479440003,-0.7716191759137068,0.5796548625830212,4.898
-0.23603751437096923,0.6642725892971321,-0.05578219625697128,-0.19409898998857172,-0.738140894197937,-0.03198211848921272,0.9183341266001208,-0.7268754364928991,1.25
4.481272449895556,0.026095981445111813,0.8777149984297056,-0.08445880655864041,-1.0000776689933781,0.04280818154095527,0.8059826605050211,-1.1058689583622539,4.167
0.6941772635367579,0.34518428537112195,0.10847117328573236,-0.0727772943165113,-0.35829045872287624,0.10957895283600144,-0.7201247539534519,0.8539264902516371,1.585
1.3459042639943188,-1.4098013862219338,0.5230629753928755,-0.09901491421237182,0.9741339069568271,0.0015612347125707167,-1.2210250402941156,1.1730789297205657,3.442
-0.591236400731231,-0.13344817051789326,-0.27300985701696184,-0.07854933565968107,-0.07192871135808536,0.14463772909539832,0.05697288653767289,0.17074079951346027,0.598
0.18031864226520256,0.4249563613526245,0.05577678408956781,-0.18022293367190673,0.00976861068422262,0.0897999641442425,-0.7154434428661536,0.8489397333849326,1.474
-0.38210604657839886,0.10586805742661434,0.4934983211872608,0.6577822130514297,-0.2883845027485302,-0.054754935739670475,-0.39711428893003103,0.32034350551451896,1.235
0.3160708529295507,-1.3300293102404313,0.2291736627284446,-0.13759248983227157,1.336297293329945,0.03002253233743494,-0.11623562369227836,0.23556863878058407,0.969
-1.049439789883186,0.34518428537112195,-0.6642808910378876,0.007452325933684968,-0.7297184898636785,-0.007376895607734587,-1.1882558626830442,1.252867039587796,1.143
-0.18149327072523946,1.701309577056665,0.36639478686980487,0.16048544227575368,-0.45851707030055305,-0.07459384663924791,-1.3708269950875853,1.232920012120985,1.688
0.4825604113709782,1.5417654250936599,-0.008306708450622985,-0.04427440444571691,-0.8299451014413554,-0.07639877521161834,0.9885537929095624,-1.2804054486968213,1.563
-0.09758718884150779,-0.37276439846240084,-0.6178672679024322,-0.09383016899169166,1.022141611662101,-0.07776301572960487,0.815345282679611,-1.2454981506299105,2.75
-0.04425974209573123,1.4619933491121573,-0.01138963587083436,-0.3178829070675351,-0.8939553743817203,-0.044630206751373636,0.9557846152984908,-1.4349949115645846,2.813
-0.39855925683428817,0.6642725892971321,-0.001223686084573814,-0.10431737737025955,0.12010210746300969,-0.001480279419303203,1.1336744366157336,-1.3103259898970345,0.967
-1.0263206487840746,0.026095981445111813,-0.539032428021978,-0.22564724641485864,-0.5418988732097128,0.06382852493667938,1.0774987035681838,-0.821623816960236,0.577
-0.47394776041834735,0.5845005133156296,0.07633262109299067,0.11595151807075378,0.805685820271656,0.12987235395900637,-0.7154434428661536,1.158118659120459,0.878
0.17312366929156636,-1.8086617661294464,0.10468335633071503,-0.23379273332964037,-0.5545324797111005,-0.010093483747349002,0.8715210157271642,-0.6171667854254556,1.5
0.7268720671963708,-1.010941006314421,-0.14450776472557886,-0.06509282963674966,-0.6968711129600701,-0.1625549639077555,-1.3099699509527372,1.1780656865872632,1.883
1.0918053287562584,-0.37276439846240084,0.3197815252529925,-0.1724702552483056,0.3929880078929869,0.02683201725597178,-0.6920368874296753,0.32533026238122353,2.394
-1.2443389107278695,1.701309577056665,-0.32232122039287686,0.008657791026789614,-0.3742930269579675,-0.06341377237615525,2.224419919955683,-0.5224184049581186,0.593
0.970707585104391,0.4249563613526245,0.3307636024909311,-0.17152501113664187,-0.16710188033520704,-0.0022578630850176975,-0.8746080198342165,0.8190191921847194,2.183
-0.788251690097572,0.7440446652786346,-0.38452142658666116,-0.170336762687066,-0.3473413330883401,-0.04218891095079912,-0.7575752426518185,0.6195489175166435,1.468
-0.6090122163131564,0.026095981445111813,-0.6544638933561518,-0.09671014866623905,0.15126500349976635,-0.19494622887210453,0.8668397046398659,-1.3302730173638455,3.238
0.10122684376824244,-0.691852702388411,0.2738112597142205,-0.19288588274439264,-0.616016031351188,0.0028782698963707404,1.4098717907661946,-0.811650303226834,1.307
0.25665942168400785,-0.5323085504254059,-0.18346424897552446,0.07723872583150114,0.6212351653513937,0.06693744760922744,0.7544882385447662,-1.1058689583622539,2.097
0.20703526985113252,-0.37276439846240084,-0.003991367514492129,-0.06265591726531804,1.692564996669082,-0.02478239107110499,-0.9261024417944714,0.8140324353180219,1.521
-0.7788876443892363,-1.4098013862219338,-1.2337840898308385,-0.03113492985454104,-0.24290351934353402,0.03796947558593881,-0.7528939315645234,0.6494694587168496,3.5
-0.6506478319767737,-0.05367609453639072,-0.371702550750326,-0.08504288217074672,-0.35407925655574696,-0.01605997315144936,-0.7575752426518185,0.7641648666509977,1.603
-0.4273391487288344,0.10586805742661434,0.05233742581745016,0.12772985880399385,-0.3473413330883401,0.22242021348408528,-0.8043883535247783,1.0932908198533282,0.827
0.8473878645047827,-0.37276439846240084,0.13591245097834873,-0.23213386132088598,-0.08961576046002832,0.052050649212499474,-0.6545863987313087,0.4200786428485605,1.934
-1.1045659798723717,-0.5323085504254059,-0.38569816792432327,0.1428458572984484,0.4190974613291884,-0.14066141876102323,0.5438292396164484,-0.09355731442174652,0.535
-0.897869219519446,0.34518428537112195,-0.8233406389485849,-0.10797095673109566,-0.1359389842984504,0.1886464796956996,-0.7809817980882967,0.6744032430503653,1.188
0.09366154130331605,-0.9311689303329186,0.36372712369941457,-0.04048705664274151,-0.470308436368515,-0.03566144887807109,2.3789031858364504,-2.2827435789039265,1.289
-0.05986648494295755,1.4619933491121573,-0.20646979419075012,-0.14362099727138689,-0.027289968386515023,-0.10198513291669765,0.7732134828939495,-1.1457630132958692,2.474
-0.00394673175815013,1.4619933491121573,-0.06087436036506037,-0.16465876875880325,-0.4020869612610207,-0.050952157983127806,-0.7950257313501851,0.6345091881167501,1.713
-1.1121841865503397,-0.7716247783699135,0.04507142662454855,0.1523793147027618,-0.09635368392743518,0.04582112117832604,0.18804959698195925,0.3003964780477149,0.426
-0.6098586837218195,-0.7716247783699135,-0.5860441857647398,-0.025039797336786962,-0.18310444857029828,0.08367255324153264,-0.8980145752706948,0.8688867608517437,1.598
-0.5534627926196392,0.34518428537112195,-0.12516541398273304,0.060868278752660945,0.4763698108021466,0.23359435699713735,-0.7482126204772251,1.2129729846541808,1.172
0.9427741606185078,0.4249563613526245,0.2188846834642826,-0.24456853372732068,0.36182511185623023,0.02213776792722775,-0.677992954167787,0.48989323898238885,2.515
-0.3580875338575829,-0.851396854351416,-0.4409423523749162,-0.003983569248915563,2.7040957572135342,-0.04311156007398091,-0.682674265255082,0.5098402664492,2.08
0.33300020110281314,0.5845005133156296,0.10988181657056188,-0.22027759582299122,-0.2504836832443667,0.01385513611086094,-0.8137509756993684,0.7142972979839805,2.189
-1.065945904352117,0.2654122093896194,-0.11081789065474695,-0.05300748879548592,0.021559976752184597,0.1788370259188921,-0.7107621317788586,1.1331848747869504,0.666
-1.2147654556377017,0.5845005133156296,-0.08825129976923946,0.12452157341364962,-0.6892909490592375,0.028309617934358808,-0.14900480130334662,0.2904229643143058,0.467
-0.9098255716668127,-1.010941006314421,-0.4038572325323067,-0.15215513539857445,2.285502261800884,0.06733618128102324,-0.8277949089612566,0.6793899999170627,1.334
0.061548683987158834,-0.851396854351416,-0.5492755922569752,-0.25872789735448287,-0.7954132436708953,0.24959575958113397,-0.8699267087469216,0.7990721647179153,1.625
-0.964422719525584,0.10586805742661434,-0.4968551002509948,-0.12570602031434938,-0.36334390132343136,-0.0710195585417919,0.5204226841799701,-0.09854407128845108,0.602
-0.9700834703210185,1.382221273130655,-0.3154028425242784,-0.055755662192266485,-0.07445543265836294,-0.0314365693981476,-0.7622565537391135,0.6394959449834475,1.355
-0.17773707159929691,-0.7716247783699135,-0.01776032418585787,-0.07811605469763938,-0.008760678851146201,-0.02192929075041181,-1.4270027281351352,1.3974829887221503,2.061
-1.215400306194199,-1.010941006314421,-0.5637513432214718,-0.10354639756227932,-0.4138783273289827,-0.09311682402447927,1.6345747229563974,-1.0161073347616145,0.725
-0.8642750442381285,0.9833608932231422,-0.10438260547253839,-0.0897462278892884,-1.1483119852763286,0.0676748445349132,0.9276967487747141,-1.410061127231076,2.125
1.4734034174242012,-0.2929923224808983,0.6694991579756228,-0.03563663576723799,0.47468532993529483,0.005989073631281889,0.7591695496320612,-1.1856570682294842,2.961
-1.2875087485696886,1.1429050451861473,-0.4928498294008028,-0.4260262245184913,-1.0573500184663363,-0.01679529683533156,0.9230154376874191,-0.6720211109591773,0.694
-1.109115742193936,0.5845005133156296,-0.5419586845537566,-0.05601872563350627,-0.3852421525925036,-0.14104150251724,-1.361464372912992,1.1680921728538611,2.058
-0.026007788596432727,-0.05367609453639072,0.1507514913922404,-0.07605905695309628,0.19085030387078156,-0.037828386602508014,2.3695405636618574,-2.207942225903394,1.199
-0.05748579535609243,1.86085372901967,-0.1517654695428722,-0.06038137554056652,-0.5326342284420283,-0.11259818669070563,0.9885537929095624,-1.43000815469788,4.357
-0.6857233252232516,-1.3300293102404313,0.55869776977611,0.3559787385940049,-0.4669394746348116,-0.06409098305995967,1.4800914570756327,-1.4499551821646912,1.092
-0.350733848244822,0.026095981445111813,-0.3899069723921409,-0.11232390291431742,0.4603672425670553,0.07167082373135943,-0.8184322867866667,0.7591781097843002,1.592
-0.5676411217147466,0.5845005133156296,-0.1982445692061331,0.48160031935898584,-0.6075936270169294,-0.10284572199584317,-1.3474204396511038,1.1680921728538611,2.917
4.99142777625421,-0.13344817051789326,0.767527349933746,-0.1620035917419895,0.7618893177335115,-0.048469484287628276,-0.7248060650407468,0.5497343213828152,5.00001
-0.3680335259093746,0.9035888172416396,-0.5610814117386852,-0.24475320469291306,0.4132017782952074,0.06167477754779643,-0.7856631091755951,0.624535674383341,1.378
0.28014889227440964,0.026095981445111813,-0.1385849813413468,-0.07970974085438597,-0.12920106083104355,-0.09656616057796283,-0.7950257313501851,0.739231082317489,2.616
3.289076009006593,-1.010941006314421,0.24802391152319853,-0.4915442714417365,-0.6707616595238686,-0.03935992226516654,-0.9354650639690647,0.8888337883185478,3.839
-0.5762645084405019,0.2654122093896194,-0.34819612941366124,-0.13843399962805583,0.11083746269532528,0.1251184587519225,0.5157413730926718,-1.0759484171620408,1.324
0.23184734576757018,0.2654122093896194,-0.08962619021393048,-0.10218721925551842,0.32560877321891846,0.3767415862172824,-0.6405424654694204,0.5896283763164303,1.458
-0.9360660613353693,-0.691852702388411,-0.6069802338585016,-0.0873936224432921,-0.11740969476308157,-0.02071550368934873,-1.361464372912992,1.2379067689876895,1.011
-0.11626237604513781,1.2226771211676497,0.24040951422429663,-0.018639527235748087,-0.8552123144441309,-0.08777807680238123,1.25538852488543,-1.3402465310972476,3.04
0.08948210847304176,0.026095981445111813,5.12943255524071,6.578115063764099,-0.9217493086847736,0.04033681780340193,1.7235196336150223,-0.3778024558237574,0.958
-0.6978912942227841,-0.21322024649939578,-0.3284059232157544,-0.08861991328630997,0.2910769154484584,0.05799076767663808,-0.7809817980882967,0.7342443254507844,1.91
-0.2848151987951815,-0.13344817051789326,0.14811913837653312,-0.1943380310861661,-0.19742253593853784,0.007259613073390925,-0.4720152663267675,-0.4276700244907817,1.347
-0.01558565862726792,0.5845005133156296,0.4428059533786066,-0.038301047374876704,-0.6968711129600701,-0.09546582635054353,-0.7060808206915636,1.1531319022537545,1.222
1.1750236558704514,-0.21322024649939578,0.28491132880904807,-0.22150387734837998,-0.4079826442950017,-0.04248369855481675,0.9417406820366024,-1.095895444628852,2.11
1.0537671995794597,-0.5323085504254059,0.9275617917969249,0.18002016653152036,-0.27238193451343895,-0.07185953569366323,0.43615908460864367,-1.1756835544960822,4.171
-0.736405561316956,-0.6120806264069084,-0.11843487643457375,-0.1254363218711612,-0.2454302406438116,0.09005484122947531,1.0634547703062955,-0.8565311150271537,0.814
0.5459396585946291,0.4249563613526245,0.15772818411209147,-0.08445880655864041,-0.22942767240872033,0.0005803977900435884,-0.8043883535247783,0.8140324353180219,2.289
-1.4135265840344104,1.4619933491121573,-0.5477467371052386,0.00991365294898316,1.3379817741967968,0.26461417830710754,-0.7482126204772251,0.6993370273838738,0.938
-0.1322394483836543,-1.4895734622034362,0.308274327168693,-0.033703246398588856,-0.5090514963061044,-0.023572678841575403,1.5877616120834375,-0.7368489502263011,1.821
-0.16112514870428316,-1.1704851582774263,0.19539917505088103,0.07918333766425663,0.3315044562528994,-0.04473056818802107,-0.6218172211202372,0.24055539564728862,1.918
0.6587843450120314,1.86085372901967,0.06298388157435678,-0.16125983676511613,-0.10814504999539715,-0.08192843459141064,0.9838724818222641,-1.3153127467637389,2.738
0.16296606038760864,1.86085372901967,-0.24296974058021426,-0.11517828751273507,-0.4711506768019409,-0.0862866330434434,0.9885537929095624,-1.335259774230543,2.258
-0.8899864917762708,-0.37276439846240084,-0.3715641789142502,-0.1132026069368648,2.1600084372204313,-0.10436583260492749,-0.7669378648264085,1.0384364943196065,1.353
-1.1766215180348198,-0.851396854351416,0.005845597917972049,-0.039316588600616,-0.3852421525925036,-0.06958317315465298,1.7984206110117553,-1.011120577894917,0.633
0.9321404137971773,1.2226771211676497,-0.21621526187873588,-0.30421725561369156,-0.5856953757478572,-0.06622257158639867,0.9042901933382359,-1.3701670722974608,3.864
-0.13044070514024514,0.026095981445111813,-0.5141046590446422,0.01646837508228724,-0.5814841735807279,-0.17564121447739203,-0.7763004870010017,0.5547210782495127,5.0
1.3898676650317596,-1.3300293102404313,0.03797797627787912,-0.10438055415969215,0.5193240729068652,-0.11643298698912632,-0.9261024417944714,0.7940854078512108,2.854
0.32691621660304704,-1.1704851582774263,0.01858252056169528,-0.10827671377126723,0.57322746064612,-0.034586805160218934,-0.15368611239064492,-0.6171667854254556,1.927
-0.997011714759114,-0.21322024649939578,-0.36937552058724343,-0.13604689035225873,-0.45599034900027546,-0.08586775233006604,2.519342518455327,-2.247836280837009,0.979
0.8045354519412125,1.86085372901967,0.5019133430182586,0.03881876602507432,-0.09719592436086102,-0.1087507252356219,1.0306855926952239,-1.325286260497141,3.769
-0.12033600044932898,-1.7288896901479438,-0.31019991895958954,-0.013443268341835705,-0.061821826156975096,-0.01766002349806569,0.9838724818222641,-0.91637219742758,1.476
-0.1421325362224045,0.4249563613526245,0.23447134309166193,-0.16838049999569155,-0.49557564937129067,-0.06431674947888796,-0.8699267087469216,0.8738735177184411,2.306
0.340988737272071,-1.4098013862219338,0.3021964343623491,-0.1514328100801797,0.8629581697446143,-0.0038731335017192442,1.948222565805225,-1.135789499562467,1.597
-0.7584666181552386,-1.010941006314421,-0.13211242017095468,0.1526291659076092,-1.0522965758657812,-0.0830859947367627,-0.841838842223145,1.7515427262579966,0.761
0.24263980522802517,0.2654122093896194,0.14233820610661047,-0.06730692760800248,-0.37934646955852264,-0.05274885250074188,1.1102678811792555,-1.3801405860308629,1.754
-0.2098499289154539,-1.7288896901479438,-0.0026491687748767027,-0.053655432116678156,2.8599102373973175,-0.033829927393626134,0.9557846152984908,-0.7318621933596037,1.519
-0.16895497223441708,-1.0907130822959237,0.0033435994823584835,-0.13021499551915455,0.1158909052958804,-0.055569931056756894,0.7919387272431327,-0.49748462062461,0.88
0.9704959682522253,-0.851396854351416,0.44338042732209193,-0.15972680432433345,0.2708631450462378,-0.04554160933169521,1.0821800146554788,-1.250484907496608,2.696
-0.38813712686512364,-1.1704851582774263,0.6479031182076201,0.04011283999142267,-0.5604281627450816,0.04484342226599924,0.6468180835369581,-0.1733454242889769,0.885
-0.07325125084244295,0.10586805742661434,-0.23088698681433925,-0.1194017649177046,1.5308548334513177,0.3695054019624107,-0.9026958863579931,0.8639000039850392,1.821
-0.18974632795970492,0.1856401334081169,-0.09886263371416329,-0.11490153543206748,1.0179304094949717,0.18091380216893693,-0.7341686872153369,0.8040589215846128,1.613
-1.4131562545431202,-0.9311689303329186,-0.8663059732685267,-0.1721853182136146,0.13357795439782338,-0.034332356000322806,-0.7482126204772251,0.729257568584087,1.839
-0.16429940148676997,0.504728437334127,-0.3216735284028337,-0.16037277887604154,-0.5806419331473021,0.03869691634007467,-0.7154434428661536,0.7940854078512108,1.581
-0.01653793446201406,1.86085372901967,-0.0388572902287412,-0.08464450157764651,0.2843389919810515,0.027236198438724428,0.9651472374730807,-1.420034640964478,2.52
-1.0372189166706123,0.1856401334081169,-0.7575655451444289,-0.019297171991680677,0.73577986429731,-0.1494769174104275,1.0072790372587457,-1.4050743703643713,5.00001
0.1633892940919406,0.2654122093896194,0.10103413526655441,-0.1291237976869603,1.259653413888192,0.13652671482751572,0.48765350656889855,-1.021094091628319,1.425
-1.0138352545062936,-0.6120806264069084,-0.1960296939187533,-0.17673746751931355,0.9935054369256219,0.11467309725234846,1.3349708133694582,-0.9113854405608754,0.878
0.7663386101252889,-0.2929923224808983,0.16742157324390206,-0.18001927499791026,0.106626260528196,0.1518389346683092,-1.4410466613970234,1.2678273101879027,1.327
0.26216145984031797,0.2654122093896194,0.5948873154549795,0.04765872128851211,-0.5562169605779522,-0.0762258218197336,-0.79970704243748,1.1082510904534348,1.426
0.873681258386381,0.504728437334127,0.24512488309008326,-0.23084484282714804,-0.4433567424988876,-0.02468704658550191,-0.6873555763423803,0.48490648211568427,2.674
-0.9426261837525084,0.4249563613526245,0.027292377986532945,0.2671547119294414,-0.6387565230536861,0.21089725927895916,-0.8043883535247783,0.6744032430503653,0.883
0.7254436534442519,0.5845005133156296,0.05426138286316645,-0.1986190398339917,-0.32796980311954543,-0.05631068493845735,-0.8605640865723282,0.7492045960508911,2.398
-0.8893516412197735,0.4249563613526245,-0.29097517462548994,-0.08817958453205915,-0.709504719461458,-0.08345212269788173,1.3817839242424181,-0.9113854405608754,0.844
1.0440857285928753,-1.1704851582774263,0.0849882395959852,-0.09218657619574108,5.630881263368382,-0.02755820616406758,0.8949275711636425,-1.2056040956962955,2.818
-0.17974743169487184,-0.9311689303329186,0.016763471526302896,-0.11662078306988331,0.05524959408921882,-0.04831224403430334,2.289958275177826,-1.2305378800298041,1.01
-0.5949925998571736,-0.21322024649939578,-0.4379825905686184,-0.13657916969520473,0.6465023783541693,-0.11572181383127916,-1.3521017507383988,1.2728140670546,1.489
-0.16668009107363485,-1.010941006314421,-0.15567015663351524,-0.05992224766480453,-0.01802532361883061,0.02448565559297906,1.1102678811792555,-1.1607232838959758,1.002
-0.591236400731231,-1.1704851582774263,-0.41487087815750856,0.6761745191502715,-1.0927241166702222,-0.19186753471411125,0.7685321718066512,-1.135789499562467,1.125
1.3440526165378686,0.5845005133156296,0.08622864331026912,-0.06436660550217867,-0.8072046097388572,0.0119888219902899,-0.841838842223145,0.6295224312500455,2.596
0.7372941971655356,-1.7288896901479438,0.3149812455905538,-0.17092369655394038,0.6709273509235192,0.050661996368911194,1.1758062364013986,-1.2903789624302304,1.613
0.19179885649519615,-0.13344817051789326,-0.2808588732299905,-0.127901403437477,-0.5469523158102678,0.060292392402819237,-0.6920368874296753,0.19567458384696887,1.854
-0.2705839654870329,0.6642725892971321,0.4178934652831064,-0.15666515410530013,-0.9815483794580093,0.14320733337906033,0.5672357950529267,-1.0859219308954429,2.938
-0.42675720238537845,-0.9311689303329186,-0.7459184726711234,-0.1493053004384536,2.261077289231534,-0.05844587576825107,-0.7060808206915636,0.6744032430503653,2.098
1.044826387575455,0.5845005133156296,0.7151458370333594,-0.25725173564421216,-0.8568967953109827,-0.03947369348582117,1.3771026131551232,-0.8864516562273669,2.833
-0.9171792572795735,-1.8086617661294464,0.16149528320597062,0.030353770906855697,-1.10535772317161,-0.029878987210613984,-0.7669378648264085,0.9736086550524826,4.167
-0.395914046182216,0.34518428537112195,-0.5807132608768227,-0.291290288022218,0.000503965916538209,0.28823426897272447,-0.677992954167787,0.21063485444707544,1.435
0.6239204686177192,-1.5693455381849388,-0.008079756169147476,-0.24420827397477138,0.9682382239228462,-0.031523385454501944,1.2928390135837966,-1.5945711312990523,1.856
-0.006909367688470958,0.34518428537112195,-0.14003116085037481,-0.16999986056139882,0.6507135805212987,0.0752655212508144,-0.8558827754850332,0.843952976518228,2.118
-0.9483927429740261,-1.5693455381849388,-0.41285011639191793,-0.04520583098475818,0.4721586086350173,0.1747522408443006,-1.1461240628973792,1.1680921728538611,1.272
-1.0046299214370822,1.86085372901967,-0.9298306899557299,-0.007883634700097128,-0.5141049389066595,-0.15019404206023954,-1.3708269950875853,1.2129729846541808,2.0
-1.351417037923754,1.3024491971491523,-0.5331788643855531,-0.20599554721486063,0.05946079625634809,0.05749810585508359,-0.7856631091755951,0.6594429724502586,0.992
0.21438895546389314,1.382221273130655,1.2907556808095288,0.3714796020303009,4.295930176388401,65.33992839934491,-0.15836742347793992,-0.5523389461583318,3.5
-0.38813712686512364,-0.21322024649939578,-0.4821318248820891,-0.275918038561183,0.8663271314783176,0.014718107939542388,-0.6733116430804921,0.20066134071367342,2.199
-0.09758718884150779,-1.5693455381849388,0.14423881130886027,-0.14882603748802398,-0.17215532293576216,-0.08015065182622029,0.7872574161558378,-0.43764353822418367,1.172
-0.13684211491825987,1.2226771211676497,1.0566397240365357,0.7736960457926504,-0.621911714385169,-0.1821016820587799,0.417433840259457,-1.1607232838959758,4.528
-0.4642662894317629,-0.9311689303329186,0.1055277085896176,-0.13419616261004996,0.3601406309893785,-0.059453387848524615,-0.7575752426518185,0.938701356985572,2.318
0.6438124527213022,1.86085372901967,-0.017821272611244485,-0.10891428770442158,-0.09045800089345418,-0.09720690936946688,0.8996088822509375,-1.3801405860308629,3.742
-0.9072861694408233,0.9035888172416396,-0.5519098913779675,-0.13660650395709079,0.6052325971163025,0.13624725953915576,-0.79970704243748,0.6544562155835542,0.948
-0.922945816501091,-0.13344817051789326,-0.5681287421985294,-0.054002302694773054,-0.3431301309212108,0.20564717361743473,-0.7528939315645234,0.9237410863854655,1.109
-0.3616850203444012,-1.6491176141664414,-0.23105774730682394,-0.17097406817708152,-0.14604586949956064,0.022534254009990606,1.1055865700919605,-0.8415708444270471,0.959
2.107672027578085,0.504728437334127,0.44768195703320607,-0.03173753519147805,-0.3085982731507508,-0.11268829475114146,-0.7388499983026352,0.5646945919829217,5.00001
-1.4276520089164764,1.1429050451861473,-0.2713444026807205,0.23031900999259472,-0.959650128188937,-0.1175881708375076,-0.79970704243748,1.0932908198533282,1.214
0.07853093637346281,-1.0907130822959237,-0.3271035452364095,-0.1451478596030853,0.14368483959893363,-0.09325111410164491,1.25538852488543,-1.544703562632028,1.355
-0.834489972295795,0.5845005133156296,-0.6745534997571201,-0.3205421689720668,0.0443004684546827,0.20617259331010726,-0.7669378648264085,0.7043237842505713,1.507
-0.8447533896258355,-1.2502572342589287,-0.12533380818483805,0.07217049241186066,0.28349675154762566,-0.031063346829249817,1.1570809920522152,-0.9363192248943841,1.235
0.017320761884510764,1.86085372901967,0.07902635709672863,-0.11510135257139124,0.14536932046578535,-0.13049037716211045,1.3677399909805297,-0.9313324680276795,1.816
1.9682694262138778,-0.851396854351416,0.47446205829893007,-0.09059725844623312,0.409832816561504,-0.026596690320640017,-0.9682342415801329,0.9636351413190807,2.881
-0.30544784188134516,-0.05367609453639072,-0.10902755297716674,-0.1748457277457878,0.47805429166899827,-0.036317572074959115,-0.7294873761280419,0.8389662196515305,1.811
-0.15414179258281246,-0.9311689303329186,0.0009325237673122053,-0.11474704994226188,-0.5604281627450816,-0.10141617985954653,-0.4720152663267675,0.6793899999170627,1.363
2.042652749750149,-1.010941006314421,4.289294115323828,1.1713037594702234,-1.1912662473810474,0.15547329310588764,-0.7903444202628901,0.5796548625830212,5.00001
1.0812244861479696,-0.6120806264069084,0.33689712114178527,-0.176363196249081,0.45699828083335187,0.006785613052401566,-0.6452237765567154,0.425065399715265,2.21
0.08302779448198548,1.5417654250936599,-0.6458770564906277,-0.03459317439671951,0.46205172343390705,-0.19149793894079817,0.9979164150841523,-1.410061127231076,5.00001
1.290037415022553,-1.2502572342589287,0.28439689114377115,-0.17236218618066096,0.3096062049838272,0.008054628981611208,-0.5796854213345722,0.5796548625830212,2.183
0.3833650119182689,1.0631329692046447,-0.060555496813167346,0.0008162328089009177,-0.266486251479458,-0.1178642693854787,-0.7575752426518185,0.5796548625830212,4.275
-0.41252596907722977,-1.1704851582774263,0.4965192670944944,0.15498584512926927,-0.557901441444804,-0.02233701030255641,1.4145531018534896,-0.5174316480914141,1.317
1.531968381261081,-1.4098013862219338,0.539572915293925,-0.1023833842646125,0.21780199774040893,0.058159952866494176,-0.7669378648264085,0.9636351413190807,2.079
0.11884394671104391,0.9833608932231422,0.40849229809019555,0.018832086196409876,-0.872057123112648,-0.035714435969542824,0.18804959698195925,0.2954097211810104,0.813
-0.10224275958915491,0.504728437334127,-0.09567570817057135,-0.30192733564034485,-0.6960288725266442,0.06504190374731761,-0.8184322867866667,0.6345091881167501,1.845
-0.4616210787796907,-0.21322024649939578,-0.40599551380020205,-0.01766012765364958,-0.21679406590733252,-0.13251631397657335,1.0821800146554788,-1.220564366296402,1.609
-0.8295169762698991,0.8238167412601372,-0.7666095821806271,0.19004501055054543,-0.07108647092465951,0.1888388914709475,-0.7388499983026352,0.6893635136504719,1.339
-0.3476124996753768,0.6642725892971321,0.15970615962576418,-0.2183184573965458,-0.3852421525925036,-0.0643430616820045,1.9154533881941533,-1.1108557152289513,0.97
-1.2159293483246134,1.86085372901967,-0.6752772763638997,0.08196755761385967,-0.324600841385842,0.01163151638967979,-0.8792893309215115,0.7043237842505713,1.625
-0.9027893113323004,0.1856401334081169,0.03243877937125669,0.19447788113256673,-0.2816465792811234,-0.009498851884901547,-0.33625724479518615,1.1980127140540744,0.608
0.20703526985113252,-0.851396854351416,0.053705442850358644,-0.11502671112644834,1.9140742306600818,-0.0020474528596841897,-0.83715753113585,0.6694164861836607,1.692
-0.590178316470402,1.7810816530381675,-0.5674383914596058,-0.18022293367190673,-0.464412753334534,-0.10152776783716087,0.9932351039968573,-1.4349949115645846,3.071
-0.3568178327445881,-1.5693455381849388,6.923626511673375,7.1304679364435595,-0.9579656473220853,-0.05089218690424947,1.7235196336150223,-0.32793488715674013,1.625
-0.8473986002779076,-0.691852702388411,0.05442679275974307,0.03207595956883829,-0.6429677252208154,-0.0509873410160697,1.9107720771068584,-1.2654451780967146,0.943
-0.07219316658161416,0.504728437334127,0.03140338359881395,-0.12904543249854164,-0.23532335544270133,0.02279879239024237,-0.83715753113585,0.8140324353180219,1.875
-0.83284994169151,-0.13344817051789326,-0.47936649361013745,-0.0545450393044273,0.7602048368666598,-0.18041531903388924,1.386465235329713,-0.8964251699607689,1.705
-0.29195726755577667,1.701309577056665,-0.295052634996625,-0.16812447349653856,-0.36334390132343136,0.004484265632620171,-0.6920368874296753,0.7242708117173825,1.544
0.5633980488983061,-1.888433842110949,0.08241466897829515,-0.08015694990927198,-0.15615275470067091,0.010053182826457195,0.9698285485603757,-0.7318621933596037,1.559
-0.44278717893693625,-1.5693455381849388,-0.15834036369619536,-0.056266192428031915,1.5443306803861314,-0.06288987926419227,0.9511033042111924,-0.7218886796262016,1.609
0.1805831633304101,0.504728437334127,-0.339225097965907,-0.35991640168755257,-0.6286496378525759,-0.07935315690926274,-0.841838842223145,0.739231082317489,2.269
-0.07637259941188822,0.2654122093896194,-0.35864294485133646,-0.1636956557953912,0.6852454382917588,0.28892079235612783,-0.8933332641833999,0.843952976518228,1.63
0.10313139543773472,0.026095981445111813,-0.2370250219651617,-0.08652712137327617,0.13610467569810095,-0.09407886008148532,-0.8699267087469216,0.6345091881167501,2.858
-0.3868145215390875,0.026095981445111813,-0.3380303057644814,-0.03784238596361712,0.5648050563118614,-0.1138065179286668,-0.8699267087469216,0.6345091881167501,2.864
-0.27545115308684576,0.4249563613526245,-0.3115616370384617,-0.1880756549388231,0.4763698108021466,0.055404753717274324,-0.6873555763423803,0.5846416194497258,2.225
-0.5787510064534499,-0.691852702388411,-0.47753839437406903,-0.1576981200870334,-0.020552044919108177,-0.004696400359263863,-0.7950257313501851,0.7492045960508911,1.63
0.03472624797514624,1.2226771211676497,-0.41817161762798666,-0.1697057653679077,0.29276139631531006,-0.12082531253559432,0.8247079048542044,-1.2754186918301238,4.048
-0.8617885462251808,0.504728437334127,-1.021731601459706,-0.23037981981786038,-0.0466614983553097,0.10229795931807761,-0.79970704243748,0.6095754037832344,2.625
-0.2866139420385907,-1.0907130822959237,0.12956125741751562,-0.04286038702275791,0.2127485551398538,-0.03997905370326248,0.9932351039968573,-0.6271402991588576,1.312
-0.4101981837034062,-0.37276439846240084,0.3449153380869364,0.010376382427859508,0.45026035736594505,0.6283178632685962,1.25538852488543,-0.906398683694171,1.625
0.9675862365349456,-0.9311689303329186,0.31937865238259494,-0.14049630372478406,0.7248307386627739,0.03276642817007376,0.7544882385447662,-1.1308027426957625,2.465
2.1848592744055537,-1.888433842110949,2.5545028135728645,4.727173521067178,-1.1070422040384618,-0.1721071636782369,-0.8980145752706948,1.5720194790567246,4.033
0.23052474044153431,0.6642725892971321,-0.1985950713559878,-0.09824757198954566,-0.36755510349056064,-0.11696106585219992,-0.7201247539534519,0.7093105411172759,3.547
-0.9132643455145065,0.5845005133156296,-0.6336371768923803,0.10318191856187574,-0.3439723713546367,0.05313222347550022,-0.7622565537391135,0.614562160649939,1.438
0.7985043716544876,-0.851396854351416,0.8569572686138944,0.5271295797067483,-0.12498985866391427,0.07495114766594102,0.57659841722752,-1.1457630132958692,3.52
-0.27238270873044207,1.86085372901967,-0.2803963071380317,-0.10667614426530485,-0.7608813859004352,-0.06845909985567772,0.9932351039968573,-1.3302730173638455,2.013
-0.08753538836363317,-0.851396854351416,-0.6089901439649344,-0.24900700486587082,0.6448178974873177,-0.12524956552086264,0.9604659263857858,-1.2704319349634192,1.668
1.405368599452903,-1.888433842110949,0.26320695874070216,-0.22797452839051063,-1.0733525867014275,0.08849725904194168,-1.412958794873247,1.2827875807880091,2.817
-0.8510489909777673,-1.7288896901479438,-0.21205008440756404,0.07218418272041006,-0.03739685358762529,0.029442010225500817,0.15528041937088766,-0.26310704788961636,0.562
1.0298544952847264,-0.37276439846240084,0.3583102485768493,-0.21863384412213133,0.32560877321891846,0.0025715216862730343,-0.8839706420088065,0.7791251372511042,2.559
-0.6526581920723485,0.9035888172416396,-0.8108199007748564,-0.2033718332193329,-0.4458834637991652,0.20153322350866776,0.36125810721190715,-0.8665046287605558,1.091
0.6298457404783608,0.504728437334127,0.4276982984119839,-0.12872975803898007,-0.36923958435741233,-0.03357494494374463,1.3817839242424181,-0.8814648993606623,1.441
1.9093870370987496,-1.0907130822959237,0.4070231064582829,-0.05218072182894546,0.4864766960032568,-0.0842762799261386,0.8527957713779777,-1.3452332879639521,5.00001
0.02668480759284655,-0.7716247783699135,-0.6741522805452258,-0.2857101974684465,-0.35576373742259865,0.03225066817802245,0.815345282679611,-1.250484907496608,2.76
0.1809005886086585,-0.37276439846240084,0.18551053992944883,0.023177984815262214,-0.060137345290123385,-0.04753158533599509,0.6187302170131815,-1.1706967976293778,2.907
-0.427656574007083,-0.2929923224808983,-0.5018856831447904,0.10042630958476491,0.6288153292522264,-0.13914980805127586,-0.8839706420088065,0.7093105411172759,2.25
0.16693387636571716,-0.9311689303329186,-0.13132037278226824,-0.20897214442365475,1.236912922185694,0.058215751894220194,0.4970161287434885,-1.021094091628319,1.599
0.09583061403801493,-0.4525364744439034,-0.10549049466142933,-0.10000842302842412,1.801214012581017,0.005579709893412381,-0.8839706420088065,0.8688867608517437,2.331
-0.9195599468664386,0.5845005133156296,-0.21992350004927308,-0.1211657123348686,-0.12498985866391427,0.13744128393482527,0.3706207293865005,0.1807143132468623,0.6
0.4153191565953014,-0.6120806264069084,0.732107114302194,0.11369822220921676,-0.28417330058140094,0.03713991608785122,-0.7107621317788586,1.0384364943196065,1.917
1.1382552278066473,-1.010941006314421,0.47601738084214384,-0.13779803737628338,-0.23363887457584961,0.0912268330383361,1.100905259004662,-1.3202995036304364,2.356
-0.8143334671270045,-0.691852702388411,0.11642106937904477,0.09051632184697056,-0.2850155410148268,0.07294206739425488,0.5204226841799701,-0.30798785968992903,0.906
-0.06409882198627315,-1.1704851582774263,-0.19685687093025636,-0.3465763983035425,-0.04497701748845799,-0.025753499254443847,1.1102678811792555,-0.8814648993606623,1.388
-1.056793475495947,1.0631329692046447,-0.24909770532465872,-0.08501383973699561,-0.30522931141704734,-0.014217111070773114,1.3958278575043064,-0.9113854405608754,0.605
-0.2202720588846187,-1.8086617661294464,-1.1007084086117724,-0.07667661600860237,-0.6539168508553516,-0.09882942123058854,0.9979164150841523,-1.410061127231076,1.175
0.756233905434373,-0.9311689303329186,0.3995206527211635,-0.20210532700011974,1.3750403532675344,0.022736698300685625,1.3583773688059397,-0.8814648993606623,1.38
-1.032193016431675,0.2654122093896194,-0.5914918282414681,-0.2198290414757287,0.5226930346405686,0.11771244926216702,0.4923348176561935,0.021138093512401562,0.558
-0.6802212870669413,-1.1704851582774263,-0.06429724288760895,-0.16596093057567846,28.84723881075209,0.5783475487611827,-1.080585707675236,1.0833173061199262,1.344
0.5299096820430711,1.86085372901967,0.47191807275845393,-0.15174003027982014,-0.604224665283226,-0.11490296900717442,1.3536960577186414,-0.9413059817610887,1.919
1.70401288207186,1.3024491971491523,0.10961010526874017,-0.22266417435688352,-0.25637936627834773,-0.1207862223608214,-0.8886519530961048,0.7342443254507844,5.00001
1.3333659655034962,-1.3300293102404313,0.8430882393255597,0.11747117395864325,0.09399265402680818,-0.0629893296318974,-1.0056847302785028,0.938701356985572,5.00001
0.43415305643805563,-1.1704851582774263,0.1360673643222875,0.03207595956883829,-0.48799548547045796,-0.02900674118559519,-0.9261024417944714,0.9037940589186543,2.368
-1.0253683729493284,0.9035888172416396,-0.6696253551977708,-0.17365315704293358,-0.06519078789067852,0.15129547920100778,-0.7528939315645234,0.6943502705171694,1.219
-0.56007581924982,1.0631329692046447,-0.2347564527314212,0.0850691398552562,-0.11909417562993327,0.18545675021591002,-0.7950257313501851,0.6843767567837673,1.618
0.2841696124655595,-1.5693455381849388,0.42523793699951007,0.2452093466978688,-0.20079149767224125,-0.021728144501093376,1.718838322527724,-0.25313353415620726,1.248
-0.09197934225911453,0.34518428537112195,-0.22471426737518416,-0.2635414681488436,0.7214617769290705,-0.028714186618197524,-1.366145684000287,1.2728140670546,1.407
-0.36925032280932785,-0.691852702388411,-0.08114568722072299,0.046123385997410365,0.9800295899908081,-0.11138272566424756,1.3349708133694582,-0.9662397660945973,1.789
2.3985393908799497,0.6642725892971321,0.6281122084680366,-0.15374225847747444,-0.40966712516185344,-0.045293679894136435,0.8013013494177228,-1.250484907496608,5.00001
-0.9555877159476626,0.1856401334081169,-0.6582333688348506,-0.06184193102387974,0.8671693719117435,0.16135296199181298,-0.7903444202628901,0.7242708117173825,1.608
-0.550817581967567,-0.5323085504254059,-0.39876222700683017,-0.13902392110283887,1.1240527041066295,-0.03317758258441619,-1.3333765063892153,1.3226816357216244,1.352
-0.10499377866730997,-0.851396854351416,0.0016833485694903623,-0.061275497647338396,1.1248949445400553,0.11512259558097804,-0.7388499983026352,1.063370278653122,1.207
-0.5216144563686893,-0.2929923224808983,-0.3865225250257987,-0.17059665861258072,2.6510346099077053,0.19258692966547605,-0.668630331993197,0.5198137801826019,2.451
-0.5624565088366849,-0.5323085504254059,-0.0467535755752451,0.008945788001436257,-0.058452864423271675,-0.07119378275794776,1.4051904796788963,-0.8814648993606623,0.965
-0.10451764074993714,0.026095981445111813,-0.35801201276949596,-0.02382421316998624,-0.3970335186604656,-0.12084317456363575,-0.7716191759137068,0.5846416194497258,3.442
-0.5682759722712438,-0.05367609453639072,-0.12205136782176408,-0.14885688686781295,-0.16710188033520704,0.05902301149322842,-0.16773004565253322,0.3402905329813301,0.822
1.4573734408726435,-1.9682059180924516,0.3950134856397925,-0.29473548563132795,0.10157281792764086,0.010466805647038405,1.0634547703062955,-1.1856570682294842,3.07
0.15799306436171312,-0.7716247783699135,0.25329388309746703,-0.09732059616225774,0.2068528721058728,-0.02097543782028338,-0.4813778885013575,0.7043237842505713,2.281
0.1387888350276687,-1.010941006314421,-0.05075884899519018,-0.03633097612106909,0.4283621060968728,-0.007058597021167832,-1.2631568400797772,1.2778008239213046,1.821
-0.47077350763586073,-0.37276439846240084,0.026973389756809508,-0.19464184461020526,-0.8088890906057089,-0.0692707431792064,1.8077832331863486,-0.9662397660945973,0.864
-0.07954685219437503,1.86085372901967,-0.3889486800730628,-0.3450498807358612,-0.2437457597769599,-0.07787135759366956,0.9838724818222641,-1.4499551821646912,3.077
-0.5336237127290973,-1.0907130822959237,-0.9297036773738934,-0.18324235535200548,0.6246041270850972,-0.1368464496479883,-0.6873555763423803,0.5048535095824954,1.875
-0.00024343684524891828,-1.0907130822959237,-0.2338669563793315,0.029027936847793014,-0.07024423049123366,-0.11473566087634392,-0.4907405106759508,-0.30300110282323156,2.152
0.420133439982073,-0.13344817051789326,-0.15384013844466723,-0.2410394078952049,0.28770795371475494,-0.0006286679233445647,-0.6452237765567154,0.4400256703153716,1.866
-0.9672795470298219,0.9035888172416396,-0.18725999449137148,0.07025814234303429,0.5100594281391808,0.06372790327921181,1.0681360813935905,-0.8465576012937517,0.638
-1.4390264147203868,1.86085372901967,-0.5468622364089016,0.08528565064250238,-0.4037714421278724,-0.11424623204433199,2.406991052360224,-2.277756822037222,0.741
-0.7408495152124374,-1.2502572342589287,0.23242222494552334,0.33587003954254085,-0.9436475599538459,-0.07506133130658947,1.2132567250997652,-0.4176965107573796,1.125
0.30623066930384185,1.1429050451861473,0.09228457985360136,-0.11009368376860884,-0.8299451014413554,0.0018527216305883006,0.7685321718066512,-1.1557365270292712,3.276
1.200999624473801,-0.851396854351416,0.9623976737423341,0.3411305430918692,-0.9840751007582869,-0.08776440523459096,-0.668630331993197,0.4649594546488802,3.5
-0.5925590060572671,-1.010941006314421,-0.7417909586705606,0.007452325933684968,-0.4366188190314808,-0.23114511787719327,-1.3521017507383988,1.2029994709207716,0.875
-0.48405246510926325,-0.13344817051789326,-0.1889031866344707,-0.054424073020630584,0.27844330894707053,-0.06106274605793671,-0.7294873761280419,0.8489397333849326,1.804
-0.06483948096885331,-0.4525364744439034,-0.03528290506189011,-0.10897129184752381,0.020717736318758742,-0.0195864841153918,1.3817839242424181,-1.6344651862326676,1.737
0.48853858744466117,-1.1704851582774263,-0.2792553107778663,-0.02530886886905664,0.665873908322964,-0.0986940357576604,-0.9073771974452881,0.7741383803843996,1.694
-0.1696427270039559,-0.6120806264069084,-0.1511301381081463,-0.07678238422809866,-0.41135160602870513,0.009314127368720527,2.4865733408442554,-2.2029554690366964,1.027
-1.3234307092248296,-0.21322024649939578,-0.34120470139154496,-0.12287036740187611,-0.41472056776240857,-0.09946626200071931,2.2150572977810925,-1.335259774230543,0.59
-0.5442574595504278,1.1429050451861473,-0.3114215316284479,-0.17256242166954916,-0.2833310601479751,-0.07423637333486324,-0.7950257313501851,0.6444827018501521,1.095
1.7843743816818147,0.504728437334127,0.6078528070790526,-0.1464453842860228,0.06704096015718079,-0.018195614438359823,1.0400482148698171,-1.250484907496608,3.671
-0.6494310350768204,1.0631329692046447,-0.17183350609030765,-0.0897462278892884,-0.7280340089968268,-0.010138682433872007,-0.7903444202628901,0.6444827018501521,1.241
1.0360971924236169,-1.9682059180924516,0.6298788001095293,0.0035835873695826206,4.711154710067348,0.023369057720770855,1.1289931255284387,-1.3103259898970345,2.252
-0.948498551400109,0.026095981445111813,-0.6677225347061307,-0.1595401894538398,0.537853362442234,0.07456099736400924,-0.7575752426518185,0.6394959449834475,2.146
-0.2834396892561039,1.2226771211676497,-0.3698143903109826,-0.2681966977986531,0.01903325545190703,0.01660254438578425,-0.7294873761280419,0.739231082317489,2.266
